label_name,bbox_x,bbox_y,bbox_width,bbox_height,image_name,image_width,image_height
label_name,bbox_x,bbox_y,bbox_width,bbox_height,image_name,image_width,image_height
Card,1366,176,417,565,1092790_20260426010016_1.png,2560,1600
Card,1853,806,477,688,1092790_20260426010016_1.png,2560,1600
Card,1361,806,454,680,1092790_20260426010016_1.png,2560,1600
Card,894,811,439,663,1092790_20260426010016_1.png,2560,1600
Card,410,804,439,668,1092790_20260426010016_1.png,2560,1600
Sigil,1509,1256,176,178,1092790_20260426010016_1.png,2560,1600
Sigil,2014,1263,186,176,1092790_20260426010016_1.png,2560,1600
Sigil,1469,611,118,110,1092790_20260426010016_1.png,2560,1600
Sigil,1562,558,120,105,1092790_20260426010016_1.png,2560,1600
Health,1198,1253,118,186,1092790_20260426010016_1.png,2560,1600
Health,711,1253,123,183,1092790_20260426010016_1.png,2560,1600
Health,2199,1253,131,191,1092790_20260426010016_1.png,2560,1600
Health,1692,1248,115,181,1092790_20260426010016_1.png,2560,1600
Health,1667,555,103,151,1092790_20260426010016_1.png,2560,1600
Attack,1384,550,110,186,1092790_20260426010016_1.png,2560,1600
Attack,417,1243,98,226,1092790_20260426010016_1.png,2560,1600
Attack,904,1248,100,226,1092790_20260426010016_1.png,2560,1600
Attack,1401,1243,95,226,1092790_20260426010016_1.png,2560,1600
Attack,1908,1251,100,228,1092790_20260426010016_1.png,2560,1600
Attack,902,1251,105,221,1092790_20260426010424_1.png,2560,1600
Attack,1399,1251,105,213,1092790_20260426010424_1.png,2560,1600
Attack,1841,558,95,176,1092790_20260426010424_1.png,2560,1600
Attack,932,553,95,181,1092790_20260426010424_1.png,2560,1600
Sigil,1002,1228,213,236,1092790_20260426010424_1.png,2560,1600
Sigil,1517,1261,173,158,1092790_20260426010424_1.png,2560,1600
Sigil,1943,560,156,138,1092790_20260426010424_1.png,2560,1600
Sigil,1022,523,188,201,1092790_20260426010424_1.png,2560,1600
Health,2102,535,118,186,1092790_20260426010424_1.png,2560,1600
Health,1682,1233,123,211,1092790_20260426010424_1.png,2560,1600
Health,1208,543,113,176,1092790_20260426010424_1.png,2560,1600
Health,1211,1243,108,211,1092790_20260426010424_1.png,2560,1600
Card,909,169,427,585,1092790_20260426010424_1.png,2560,1600
Card,1790,169,454,577,1092790_20260426010424_1.png,2560,1600
Card,879,794,457,700,1092790_20260426010424_1.png,2560,1600
Card,1361,801,462,680,1092790_20260426010424_1.png,2560,1600
Card,884,806,454,673,1092790_20260426010513_1.png,2560,1600
Card,1356,169,417,585,1092790_20260426010513_1.png,2560,1600
Card,1808,179,417,565,1092790_20260426010513_1.png,2560,1600
Card,448,169,457,582,1092790_20260426010513_1.png,2560,1600
Health,1201,1251,123,186,1092790_20260426010513_1.png,2560,1600
Health,2099,553,118,161,1092790_20260426010513_1.png,2560,1600
Health,1652,550,113,168,1092790_20260426010513_1.png,2560,1600
Health,754,550,131,171,1092790_20260426010513_1.png,2560,1600
Sigil,1479,560,176,133,1092790_20260426010513_1.png,2560,1600
Sigil,1941,560,158,131,1092790_20260426010513_1.png,2560,1600
Attack,909,1245,93,226,1092790_20260426010513_1.png,2560,1600
Attack,1830,545,105,191,1092790_20260426010513_1.png,2560,1600
Attack,1386,550,95,191,1092790_20260426010513_1.png,2560,1600
Attack,470,545,110,201,1092790_20260426010513_1.png,2560,1600
Sigil,578,530,186,208,1092790_20260426010513_1.png,2560,1600
Sigil,558,540,176,168,1092790_20260426011136_1.png,2560,1600
Sigil,533,1258,186,188,1092790_20260426011136_1.png,2560,1600
Sigil,1938,558,173,161,1092790_20260426011136_1.png,2560,1600
Sigil,1999,1263,176,181,1092790_20260426011136_1.png,2560,1600
Attack,1828,545,113,193,1092790_20260426011136_1.png,2560,1600
Attack,1886,1253,103,206,1092790_20260426011136_1.png,2560,1600
Attack,448,535,115,198,1092790_20260426011136_1.png,2560,1600
Attack,932,555,103,178,1092790_20260426011136_1.png,2560,1600
Attack,407,1245,113,218,1092790_20260426011136_1.png,2560,1600
Attack,1389,1248,125,218,1092790_20260426011136_1.png,2560,1600
Health,1687,1248,120,196,1092790_20260426011136_1.png,2560,1600
Health,1201,555,115,171,1092790_20260426011136_1.png,2560,1600
Health,2104,550,120,171,1092790_20260426011136_1.png,2560,1600
Health,2172,1253,128,201,1092790_20260426011136_1.png,2560,1600
Health,729,530,128,186,1092790_20260426011136_1.png,2560,1600
Health,711,1240,123,211,1092790_20260426011136_1.png,2560,1600
Card,428,141,477,625,1092790_20260426011136_1.png,2560,1600
Card,919,169,417,585,1092790_20260426011136_1.png,2560,1600
Card,1800,169,439,587,1092790_20260426011136_1.png,2560,1600
Card,1833,801,487,683,1092790_20260426011136_1.png,2560,1600
Card,1356,799,467,680,1092790_20260426011136_1.png,2560,1600
Card,402,804,447,670,1092790_20260426011136_1.png,2560,1600
Card,390,806,464,673,1092790_20260426012009_1.png,2560,1600
Card,879,806,459,673,1092790_20260426012009_1.png,2560,1600
Card,1361,169,407,580,1092790_20260426012009_1.png,2560,1600
Card,1798,174,429,570,1092790_20260426012009_1.png,2560,1600
Health,714,1253,120,191,1092790_20260426012009_1.png,2560,1600
Health,1201,1251,120,188,1092790_20260426012009_1.png,2560,1600
Health,1662,548,110,163,1092790_20260426012009_1.png,2560,1600
Health,2122,545,95,168,1092790_20260426012009_1.png,2560,1600
Sigil,1946,555,168,151,1092790_20260426012009_1.png,2560,1600
Sigil,1487,553,163,153,1092790_20260426012009_1.png,2560,1600
Sigil,990,1313,131,138,1092790_20260426012009_1.png,2560,1600
Sigil,1088,1243,131,120,1092790_20260426012009_1.png,2560,1600
Sigil,533,1263,161,176,1092790_20260426012009_1.png,2560,1600
Attack,412,1248,103,221,1092790_20260426012009_1.png,2560,1600
Attack,902,1243,108,226,1092790_20260426012009_1.png,2560,1600
Attack,1384,548,108,188,1092790_20260426012009_1.png,2560,1600
Attack,1841,545,105,188,1092790_20260426012009_1.png,2560,1600
Attack,907,1243,98,223,1092790_20260426012122_1.png,2560,1600
Attack,1391,1248,105,218,1092790_20260426012122_1.png,2560,1600
Attack,1878,1248,120,223,1092790_20260426012122_1.png,2560,1600
Attack,1838,540,108,191,1092790_20260426012122_1.png,2560,1600
Health,2119,545,100,171,1092790_20260426012122_1.png,2560,1600
Health,2172,1251,123,188,1092790_20260426012122_1.png,2560,1600
Health,1201,1251,123,188,1092790_20260426012122_1.png,2560,1600
Health,1692,1251,118,193,1092790_20260426012122_1.png,2560,1600
Sigil,1948,545,166,166,1092790_20260426012122_1.png,2560,1600
Sigil,1572,1245,136,118,1092790_20260426012122_1.png,2560,1600
Sigil,1497,1318,115,131,1092790_20260426012122_1.png,2560,1600
Card,894,806,447,678,1092790_20260426012122_1.png,2560,1600
Card,1364,806,452,678,1092790_20260426012122_1.png,2560,1600
Card,1838,814,477,668,1092790_20260426012122_1.png,2560,1600
Card,1803,166,432,585,1092790_20260426012122_1.png,2560,1600
Attack,1391,1248,110,211,1092790_20260426012330_1.png,2560,1600
Health,1687,1248,120,191,1092790_20260426012330_1.png,2560,1600
Health,2139,1256,136,188,1092790_20260426012330_1.png,2560,1600
Health,1170,560,123,156,1092790_20260426012330_1.png,2560,1600
Card,924,169,412,587,1092790_20260426012330_1.png,2560,1600
Card,1371,809,437,670,1092790_20260426012330_1.png,2560,1600
Card,1833,809,474,660,1092790_20260426012330_1.png,2560,1600
Card,904,164,432,577,1092790_20260426012410_1.png,2560,1600
Card,1785,164,459,590,1092790_20260426012410_1.png,2560,1600
Card,1828,811,497,668,1092790_20260426012410_1.png,2560,1600
Card,1356,801,462,673,1092790_20260426012410_1.png,2560,1600
Health,1168,555,120,161,1092790_20260426012410_1.png,2560,1600
Health,2104,560,128,156,1092790_20260426012410_1.png,2560,1600
Health,2144,1253,128,191,1092790_20260426012410_1.png,2560,1600
Health,1687,1253,128,181,1092790_20260426012410_1.png,2560,1600
Sigil,1946,565,158,148,1092790_20260426012410_1.png,2560,1600
Sigil,1569,1240,133,131,1092790_20260426012410_1.png,2560,1600
Sigil,1477,1313,141,136,1092790_20260426012410_1.png,2560,1600
Attack,1399,1243,98,221,1092790_20260426012410_1.png,2560,1600
Attack,1836,555,108,181,1092790_20260426012410_1.png,2560,1600
Card,387,809,462,670,1092790_20260426012534_1.png,2560,1600
Card,1366,811,442,673,1092790_20260426012534_1.png,2560,1600
Card,902,169,439,577,1092790_20260426012534_1.png,2560,1600
Card,1359,171,409,582,1092790_20260426012534_1.png,2560,1600
Card,1810,169,422,577,1092790_20260426012534_1.png,2560,1600
Attack,1389,1251,110,218,1092790_20260426012534_1.png,2560,1600
Attack,407,1243,110,226,1092790_20260426012534_1.png,2560,1600
Attack,929,548,110,193,1092790_20260426012534_1.png,2560,1600
Attack,1833,555,110,183,1092790_20260426012534_1.png,2560,1600
Attack,1386,553,100,186,1092790_20260426012534_1.png,2560,1600
Sigil,1527,1253,146,183,1092790_20260426012534_1.png,2560,1600
Sigil,598,1243,141,131,1092790_20260426012534_1.png,2560,1600
Sigil,505,1323,138,131,1092790_20260426012534_1.png,2560,1600
Sigil,1946,558,156,148,1092790_20260426012534_1.png,2560,1600
Sigil,1497,548,156,168,1092790_20260426012534_1.png,2560,1600
Health,1690,1243,110,196,1092790_20260426012534_1.png,2560,1600
Health,1652,553,113,166,1092790_20260426012534_1.png,2560,1600
Health,2097,555,125,171,1092790_20260426012534_1.png,2560,1600
Health,1173,553,125,173,1092790_20260426012534_1.png,2560,1600
Health,724,1253,115,193,1092790_20260426012534_1.png,2560,1600
Health,1201,1248,115,191,1092790_20260426012616_1.png,2560,1600
Health,2177,1251,128,193,1092790_20260426012616_1.png,2560,1600
Health,2102,553,115,171,1092790_20260426012616_1.png,2560,1600
Health,1173,558,120,158,1092790_20260426012616_1.png,2560,1600
Sigil,1088,1238,138,133,1092790_20260426012616_1.png,2560,1600
Sigil,990,1316,136,133,1092790_20260426012616_1.png,2560,1600
Attack,1836,550,118,186,1092790_20260426012616_1.png,2560,1600
Attack,1883,1243,120,216,1092790_20260426012616_1.png,2560,1600
Attack,904,1253,105,216,1092790_20260426012616_1.png,2560,1600
Card,914,166,419,572,1092790_20260426012616_1.png,2560,1600
Card,1803,174,439,577,1092790_20260426012616_1.png,2560,1600
Card,1825,811,492,673,1092790_20260426012616_1.png,2560,1600
Card,884,801,457,678,1092790_20260426012616_1.png,2560,1600
Attack,1876,1248,120,213,1092790_20260426012647_1.png,2560,1600
Attack,907,1243,98,226,1092790_20260426012647_1.png,2560,1600
Attack,1394,1248,103,211,1092790_20260426012647_1.png,2560,1600
Health,2174,1253,125,193,1092790_20260426012647_1.png,2560,1600
Health,1165,548,131,173,1092790_20260426012647_1.png,2560,1600
Health,1692,1253,118,186,1092790_20260426012647_1.png,2560,1600
Health,1206,1251,113,188,1092790_20260426012647_1.png,2560,1600
Sigil,1514,1266,173,163,1092790_20260426012647_1.png,2560,1600
Sigil,1090,1238,125,136,1092790_20260426012647_1.png,2560,1600
Sigil,1005,1313,120,141,1092790_20260426012647_1.png,2560,1600
Card,892,806,444,665,1092790_20260426012647_1.png,2560,1600
Card,904,164,432,587,1092790_20260426012647_1.png,2560,1600
Card,1359,806,459,673,1092790_20260426012647_1.png,2560,1600
Card,1828,809,489,673,1092790_20260426012647_1.png,2560,1600
Card,877,806,459,675,1092790_20260426013206_1.png,2560,1600
Card,1846,804,489,690,1092790_20260426013206_1.png,2560,1600
Card,902,141,444,622,1092790_20260426013206_1.png,2560,1600
Card,1366,174,422,580,1092790_20260426013206_1.png,2560,1600
Health,1665,558,113,163,1092790_20260426013206_1.png,2560,1600
Health,1211,535,115,166,1092790_20260426013206_1.png,2560,1600
Health,2132,1253,148,186,1092790_20260426013206_1.png,2560,1600
Health,1196,1248,128,188,1092790_20260426013206_1.png,2560,1600
Sigil,1487,563,171,153,1092790_20260426013206_1.png,2560,1600
Sigil,1030,538,171,158,1092790_20260426013206_1.png,2560,1600
Sigil,1085,1248,141,115,1092790_20260426013206_1.png,2560,1600
Sigil,990,1313,128,138,1092790_20260426013206_1.png,2560,1600
Attack,919,538,98,198,1092790_20260426013206_1.png,2560,1600
Attack,1386,553,100,193,1092790_20260426013206_1.png,2560,1600
Attack,899,1243,100,226,1092790_20260426013206_1.png,2560,1600
Card,1366,809,454,665,1092790_20260426013341_1.png,2560,1600
Card,1836,811,469,668,1092790_20260426013341_1.png,2560,1600
Card,1356,144,442,627,1092790_20260426013341_1.png,2560,1600
Card,889,801,447,685,1092790_20260426013341_1.png,2560,1600
Health,1650,1245,128,188,1092790_20260426013341_1.png,2560,1600
Health,2139,1251,136,196,1092790_20260426013341_1.png,2560,1600
Health,1672,540,115,161,1092790_20260426013341_1.png,2560,1600
Health,1201,1253,120,173,1092790_20260426013341_1.png,2560,1600
Sigil,1035,1258,156,178,1092790_20260426013341_1.png,2560,1600
Sigil,1497,535,166,161,1092790_20260426013341_1.png,2560,1600
Attack,1381,543,105,206,1092790_20260426013341_1.png,2560,1600
Attack,909,1253,103,221,1092790_20260426013341_1.png,2560,1600
Attack,1833,558,105,188,1092790_20260426013419_1.png,2560,1600
Health,2107,555,118,161,1092790_20260426013419_1.png,2560,1600
Health,1650,1256,131,183,1092790_20260426013419_1.png,2560,1600
Health,2172,1248,128,196,1092790_20260426013419_1.png,2560,1600
Health,1201,540,123,166,1092790_20260426013419_1.png,2560,1600
Health,1201,1248,123,193,1092790_20260426013419_1.png,2560,1600
Sigil,1035,540,166,161,1092790_20260426013419_1.png,2560,1600
Sigil,1943,553,161,168,1092790_20260426013419_1.png,2560,1600
Sigil,2006,1253,153,183,1092790_20260426013419_1.png,2560,1600
Sigil,1022,1253,178,188,1092790_20260426013419_1.png,2560,1600
Attack,907,1248,105,216,1092790_20260426013419_1.png,2560,1600
Attack,1878,1248,118,216,1092790_20260426013419_1.png,2560,1600
Attack,919,538,98,198,1092790_20260426013419_1.png,2560,1600
Card,899,144,437,617,1092790_20260426013419_1.png,2560,1600
Card,1790,174,457,582,1092790_20260426013419_1.png,2560,1600
Card,1828,804,492,680,1092790_20260426013419_1.png,2560,1600
Card,1359,801,472,673,1092790_20260426013419_1.png,2560,1600
Card,879,801,457,683,1092790_20260426013419_1.png,2560,1600
Card,455,169,427,582,1092790_20260426013514_1.png,2560,1600
Card,395,801,459,683,1092790_20260426013514_1.png,2560,1600
Card,889,799,447,678,1092790_20260426013514_1.png,2560,1600
Card,1361,806,447,663,1092790_20260426013514_1.png,2560,1600
Card,1843,806,482,670,1092790_20260426013514_1.png,2560,1600
Attack,407,1253,120,221,1092790_20260426013514_1.png,2560,1600
Attack,899,1253,105,221,1092790_20260426013514_1.png,2560,1600
Attack,1876,1256,118,213,1092790_20260426013514_1.png,2560,1600
Attack,470,550,110,186,1092790_20260426013514_1.png,2560,1600
Health,1642,1248,136,191,1092790_20260426013514_1.png,2560,1600
Health,2174,1251,131,186,1092790_20260426013514_1.png,2560,1600
Health,751,555,120,171,1092790_20260426013514_1.png,2560,1600
Health,1196,1248,125,191,1092790_20260426013514_1.png,2560,1600
Health,714,1251,125,193,1092790_20260426013514_1.png,2560,1600
Sigil,1030,1256,158,191,1092790_20260426013514_1.png,2560,1600
Sigil,586,553,163,171,1092790_20260426013514_1.png,2560,1600
Sigil,1999,1258,171,161,1092790_20260426013514_1.png,2560,1600
Sigil,2001,1253,158,183,1092790_20260426014011_1.png,2560,1600
Sigil,1492,563,166,146,1092790_20260426014011_1.png,2560,1600
Sigil,588,555,166,171,1092790_20260426014011_1.png,2560,1600
Attack,1381,553,105,196,1092790_20260426014011_1.png,2560,1600
Attack,1830,548,118,188,1092790_20260426014011_1.png,2560,1600
Attack,1878,1248,120,221,1092790_20260426014011_1.png,2560,1600
Attack,1394,1248,113,216,1092790_20260426014011_1.png,2560,1600
Attack,473,548,115,193,1092790_20260426014011_1.png,2560,1600
Health,2104,550,123,166,1092790_20260426014011_1.png,2560,1600
Health,2177,1248,118,193,1092790_20260426014011_1.png,2560,1600
Health,1685,1248,118,191,1092790_20260426014011_1.png,2560,1600
Health,1652,553,110,163,1092790_20260426014011_1.png,2560,1600
Health,754,550,115,168,1092790_20260426014011_1.png,2560,1600
Card,1366,809,444,670,1092790_20260426014011_1.png,2560,1600
Card,1836,801,489,668,1092790_20260426014011_1.png,2560,1600
Card,1803,169,442,582,1092790_20260426014011_1.png,2560,1600
Card,1354,166,424,590,1092790_20260426014011_1.png,2560,1600
Card,458,164,437,582,1092790_20260426014011_1.png,2560,1600
Card,869,791,467,685,1092790_20260426014128_1.png,2560,1600
Card,1838,801,479,683,1092790_20260426014128_1.png,2560,1600
Health,1201,1251,120,191,1092790_20260426014128_1.png,2560,1600
Health,2177,1248,125,186,1092790_20260426014128_1.png,2560,1600
Sigil,2064,1243,128,120,1092790_20260426014128_1.png,2560,1600
Sigil,1974,1313,136,138,1092790_20260426014128_1.png,2560,1600
Sigil,1010,1261,181,178,1092790_20260426014128_1.png,2560,1600
Attack,1873,1243,118,213,1092790_20260426014128_1.png,2560,1600
Attack,892,1243,113,233,1092790_20260426014128_1.png,2560,1600
Health,1617,553,131,156,1092790_20260426014642_1.png,2560,1600
Health,2137,1253,133,183,1092790_20260426014642_1.png,2560,1600
Sigil,1953,1266,183,161,1092790_20260426014642_1.png,2560,1600
Card,1359,169,437,582,1092790_20260426014642_1.png,2560,1600
Card,1830,806,477,668,1092790_20260426014642_1.png,2560,1600
Card,395,789,454,688,1092790_20260426014818_1.png,2560,1600
Card,458,159,432,592,1092790_20260426014818_1.png,2560,1600
Card,909,164,429,587,1092790_20260426014818_1.png,2560,1600
Card,1364,174,409,572,1092790_20260426014818_1.png,2560,1600
Card,1800,159,429,587,1092790_20260426014818_1.png,2560,1600
Card,1371,806,429,670,1092790_20260426014818_1.png,2560,1600
Card,1825,801,482,675,1092790_20260426014818_1.png,2560,1600
Health,2139,1253,125,198,1092790_20260426014818_1.png,2560,1600
Health,1690,1253,120,181,1092790_20260426014818_1.png,2560,1600
Health,714,1248,125,198,1092790_20260426014818_1.png,2560,1600
Health,751,550,110,163,1092790_20260426014818_1.png,2560,1600
Health,1615,550,131,166,1092790_20260426014818_1.png,2560,1600
Sigil,1921,375,193,163,1092790_20260426014818_1.png,2560,1600
Sigil,1948,1263,178,161,1092790_20260426014818_1.png,2560,1600
Sigil,1012,352,208,186,1092790_20260426014818_1.png,2560,1600
Sigil,578,550,163,163,1092790_20260426014818_1.png,2560,1600
Sigil,528,1253,186,171,1092790_20260426014818_1.png,2560,1600
Sigil,1482,1316,136,141,1092790_20260426014818_1.png,2560,1600
Sigil,1574,1243,128,120,1092790_20260426014818_1.png,2560,1600
Attack,1394,1248,103,218,1092790_20260426014818_1.png,2560,1600
Attack,475,550,103,201,1092790_20260426014818_1.png,2560,1600
Attack,407,1251,125,218,1092790_20260426014818_1.png,2560,1600
Attack,473,545,105,196,1092790_20260426014928_1.png,2560,1600
Attack,397,1243,115,231,1092790_20260426014928_1.png,2560,1600
Attack,1396,1238,103,228,1092790_20260426014928_1.png,2560,1600
Health,749,550,123,171,1092790_20260426014928_1.png,2560,1600
Health,1685,1245,123,198,1092790_20260426014928_1.png,2560,1600
Health,704,1248,128,193,1092790_20260426014928_1.png,2560,1600
Health,1627,548,108,171,1092790_20260426014928_1.png,2560,1600
Sigil,1040,365,183,171,1092790_20260426014928_1.png,2560,1600
Sigil,1911,370,191,156,1092790_20260426014928_1.png,2560,1600
Sigil,523,1263,176,181,1092790_20260426014928_1.png,2560,1600
Sigil,1562,1238,143,123,1092790_20260426014928_1.png,2560,1600
Sigil,1487,1301,115,153,1092790_20260426014928_1.png,2560,1600
Card,470,166,424,585,1092790_20260426014928_1.png,2560,1600
Card,387,799,462,690,1092790_20260426014928_1.png,2560,1600
Card,912,169,429,580,1092790_20260426014928_1.png,2560,1600
Card,1356,169,422,572,1092790_20260426014928_1.png,2560,1600
Card,1364,806,454,675,1092790_20260426014928_1.png,2560,1600
Card,1800,174,439,570,1092790_20260426014928_1.png,2560,1600
label_name,bbox_x,bbox_y,bbox_width,bbox_height,image_name,image_width,image_height
Card,912,169,422,590,1092790_20260427003810_1.png,2560,1600
Card,1361,171,412,585,1092790_20260427003810_1.png,2560,1600
Card,1798,169,447,572,1092790_20260427003810_1.png,2560,1600
Card,1830,809,479,673,1092790_20260427003810_1.png,2560,1600
Card,1364,806,454,670,1092790_20260427003810_1.png,2560,1600
Card,887,806,452,668,1092790_20260427003810_1.png,2560,1600
Sigil,1479,365,193,173,1092790_20260427003810_1.png,2560,1600
Sigil,1037,560,168,153,1092790_20260427003810_1.png,2560,1600
Sigil,1032,1248,168,186,1092790_20260427003810_1.png,2560,1600
Sigil,1999,1256,176,178,1092790_20260427003810_1.png,2560,1600
Sigil,2011,550,125,113,1092790_20260427003810_1.png,2560,1600
Sigil,1923,605,136,113,1092790_20260427003810_1.png,2560,1600
Attack,1389,1243,120,226,1092790_20260427003810_1.png,2560,1600
Attack,1833,548,120,178,1092790_20260427003810_1.png,2560,1600
Attack,1883,1256,120,208,1092790_20260427003810_1.png,2560,1600
Attack,929,550,110,191,1092790_20260427003810_1.png,2560,1600
Attack,897,1253,118,211,1092790_20260427003810_1.png,2560,1600
Health,1672,1243,141,193,1092790_20260427003810_1.png,2560,1600
Health,1208,1238,108,196,1092790_20260427003810_1.png,2560,1600
Health,2182,1240,108,198,1092790_20260427003810_1.png,2560,1600
Health,1206,550,115,166,1092790_20260427003810_1.png,2560,1600
Health,2124,545,105,163,1092790_20260427003810_1.png,2560,1600
Card,1356,169,412,595,1092790_20260427003859_1.png,2560,1600
Card,1793,174,447,577,1092790_20260427003859_1.png,2560,1600
Card,1364,806,434,680,1092790_20260427003859_1.png,2560,1600
Card,1833,806,472,673,1092790_20260427003859_1.png,2560,1600
Card,922,171,412,585,1092790_20260427003859_1.png,2560,1600
Card,874,791,459,693,1092790_20260427003859_1.png,2560,1600
Health,2174,1253,125,196,1092790_20260427003859_1.png,2560,1600
Health,1687,1251,113,183,1092790_20260427003859_1.png,2560,1600
Health,1208,553,108,163,1092790_20260427003859_1.png,2560,1600
Health,1196,1251,115,181,1092790_20260427003859_1.png,2560,1600
Sigil,1462,367,206,176,1092790_20260427003859_1.png,2560,1600
Sigil,1916,370,196,166,1092790_20260427003859_1.png,2560,1600
Sigil,1999,1258,171,176,1092790_20260427003859_1.png,2560,1600
Sigil,1010,1256,188,181,1092790_20260427003859_1.png,2560,1600
Sigil,1040,548,163,163,1092790_20260427003859_1.png,2560,1600
Attack,1886,1253,108,216,1092790_20260427003859_1.png,2560,1600
Attack,1386,1251,118,213,1092790_20260427003859_1.png,2560,1600
Attack,929,555,100,183,1092790_20260427003859_1.png,2560,1600
Attack,907,1251,98,216,1092790_20260427003859_1.png,2560,1600
Attack,902,1243,113,231,1092790_20260427004118_1.png,2560,1600
Attack,1886,1248,108,218,1092790_20260427004118_1.png,2560,1600
Attack,1848,543,95,188,1092790_20260427004118_1.png,2560,1600
Health,2119,548,110,163,1092790_20260427004118_1.png,2560,1600
Health,2169,1253,125,186,1092790_20260427004118_1.png,2560,1600
Health,1206,1248,115,191,1092790_20260427004118_1.png,2560,1600
Sigil,1477,377,191,161,1092790_20260427004118_1.png,2560,1600
Sigil,1035,380,178,148,1092790_20260427004118_1.png,2560,1600
Sigil,1022,1256,173,183,1092790_20260427004118_1.png,2560,1600
Sigil,1953,555,161,153,1092790_20260427004118_1.png,2560,1600
Card,919,169,407,577,1092790_20260427004118_1.png,2560,1600
Card,1364,174,399,567,1092790_20260427004118_1.png,2560,1600
Card,1815,169,427,572,1092790_20260427004118_1.png,2560,1600
Card,1853,816,457,655,1092790_20260427004118_1.png,2560,1600
Card,894,806,442,675,1092790_20260427004118_1.png,2560,1600
Card,912,169,414,572,1092790_20260427004206_1.png,2560,1600
Card,1361,176,422,567,1092790_20260427004206_1.png,2560,1600
Card,1366,806,437,673,1092790_20260427004206_1.png,2560,1600
Card,1846,806,464,673,1092790_20260427004206_1.png,2560,1600
Card,879,796,462,693,1092790_20260427004206_1.png,2560,1600
Health,1201,1253,110,188,1092790_20260427004206_1.png,2560,1600
Health,1687,1248,115,186,1092790_20260427004206_1.png,2560,1600
Health,2169,1253,133,186,1092790_20260427004206_1.png,2560,1600
Sigil,1509,1251,171,188,1092790_20260427004206_1.png,2560,1600
Sigil,1010,1253,176,191,1092790_20260427004206_1.png,2560,1600
Sigil,1042,370,168,156,1092790_20260427004206_1.png,2560,1600
Sigil,1479,372,178,158,1092790_20260427004206_1.png,2560,1600
Attack,1878,1251,108,218,1092790_20260427004206_1.png,2560,1600
Attack,899,1248,100,226,1092790_20260427004206_1.png,2560,1600
Attack,1391,1251,110,213,1092790_20260427004206_1.png,2560,1600
Attack,902,1245,110,213,1092790_20260427004437_1.png,2560,1600
Attack,1396,1243,105,223,1092790_20260427004437_1.png,2560,1600
Health,1196,1248,125,183,1092790_20260427004437_1.png,2560,1600
Health,1682,1251,131,178,1092790_20260427004437_1.png,2560,1600
Sigil,1035,1256,156,183,1092790_20260427004437_1.png,2560,1600
Sigil,1926,372,186,156,1092790_20260427004437_1.png,2560,1600
Sigil,588,367,191,171,1092790_20260427004437_1.png,2560,1600
Card,1790,169,442,565,1092790_20260427004437_1.png,2560,1600
Card,1361,791,464,678,1092790_20260427004437_1.png,2560,1600
Card,879,799,467,680,1092790_20260427004437_1.png,2560,1600
Card,455,166,439,582,1092790_20260427004437_1.png,2560,1600
Card,902,801,432,665,1092790_20260427004614_1.png,2560,1600
Card,458,166,432,580,1092790_20260427004614_1.png,2560,1600
Card,914,174,419,565,1092790_20260427004614_1.png,2560,1600
Card,1361,171,414,570,1092790_20260427004614_1.png,2560,1600
Card,1798,174,419,567,1092790_20260427004614_1.png,2560,1600
Health,1201,1253,115,186,1092790_20260427004614_1.png,2560,1600
Sigil,1025,1266,176,148,1092790_20260427004614_1.png,2560,1600
Sigil,1918,375,188,156,1092790_20260427004614_1.png,2560,1600
Sigil,1474,370,193,166,1092790_20260427004614_1.png,2560,1600
Sigil,1032,365,183,178,1092790_20260427004614_1.png,2560,1600
Sigil,578,360,201,181,1092790_20260427004614_1.png,2560,1600
Attack,907,1251,98,201,1092790_20260427004614_1.png,2560,1600
Health,1203,1248,118,196,1092790_20260427004828_1.png,2560,1600
Health,711,1243,115,196,1092790_20260427004828_1.png,2560,1600
Sigil,1027,1261,163,178,1092790_20260427004828_1.png,2560,1600
Sigil,538,1251,158,178,1092790_20260427004828_1.png,2560,1600
Attack,907,1243,108,221,1092790_20260427004828_1.png,2560,1600
Attack,415,1245,110,218,1092790_20260427004828_1.png,2560,1600
Card,402,806,462,670,1092790_20260427004828_1.png,2560,1600
Card,887,801,454,673,1092790_20260427004828_1.png,2560,1600
Card,385,801,477,678,1092790_20260427004947_1.png,2560,1600
Card,889,806,447,668,1092790_20260427004947_1.png,2560,1600
Card,1369,799,459,678,1092790_20260427004947_1.png,2560,1600
Card,1354,179,417,560,1092790_20260427004947_1.png,2560,1600
Card,919,181,422,575,1092790_20260427004947_1.png,2560,1600
Card,458,176,432,560,1092790_20260427004947_1.png,2560,1600
Health,1622,545,125,183,1092790_20260427004947_1.png,2560,1600
Health,1160,553,131,161,1092790_20260427004947_1.png,2560,1600
Health,721,545,123,183,1092790_20260427004947_1.png,2560,1600
Health,1690,1258,128,191,1092790_20260427004947_1.png,2560,1600
Health,1206,1253,110,186,1092790_20260427004947_1.png,2560,1600
Health,711,1248,123,198,1092790_20260427004947_1.png,2560,1600
Sigil,1582,1240,120,133,1092790_20260427004947_1.png,2560,1600
Sigil,1489,1323,133,131,1092790_20260427004947_1.png,2560,1600
Sigil,1030,1263,163,181,1092790_20260427004947_1.png,2560,1600
Sigil,523,1253,178,198,1092790_20260427004947_1.png,2560,1600
Attack,1394,1243,110,226,1092790_20260427004947_1.png,2560,1600
Attack,899,1253,120,216,1092790_20260427004947_1.png,2560,1600
Attack,407,1256,103,223,1092790_20260427004947_1.png,2560,1600
label_name,bbox_x,bbox_y,bbox_width,bbox_height,image_name,image_width,image_height
Card,1346,174,437,577,1092790_20260427005258_1.png,2560,1600
Card,1846,811,459,668,1092790_20260427005258_1.png,2560,1600
Card,894,801,439,673,1092790_20260427005258_1.png,2560,1600
Card,402,809,442,670,1092790_20260427005258_1.png,2560,1600
Health,1625,560,118,151,1092790_20260427005258_1.png,2560,1600
Health,2179,1253,123,178,1092790_20260427005258_1.png,2560,1600
Health,1165,1258,128,173,1092790_20260427005258_1.png,2560,1600
Health,719,1263,115,176,1092790_20260427005258_1.png,2560,1600
Sigil,1999,1273,181,156,1092790_20260427005258_1.png,2560,1600
Sigil,975,1278,181,146,1092790_20260427005258_1.png,2560,1600
Sigil,538,1266,166,178,1092790_20260427005258_1.png,2560,1600
Attack,417,1258,115,211,1092790_20260427005258_1.png,2560,1600
Attack,1881,1256,108,203,1092790_20260427005258_1.png,2560,1600
Health,2117,550,113,163,1092790_20260427005651_1.png,2560,1600
Health,1625,555,123,156,1092790_20260427005651_1.png,2560,1600
Health,1690,1253,108,186,1092790_20260427005651_1.png,2560,1600
Health,1206,1253,110,186,1092790_20260427005651_1.png,2560,1600
Health,711,1251,123,193,1092790_20260427005651_1.png,2560,1600
Health,749,550,115,166,1092790_20260427005651_1.png,2560,1600
Health,1206,555,110,161,1092790_20260427005651_1.png,2560,1600
Sigil,1943,550,173,166,1092790_20260427005651_1.png,2560,1600
Sigil,1509,1261,176,186,1092790_20260427005651_1.png,2560,1600
Sigil,1050,555,151,161,1092790_20260427005651_1.png,2560,1600
Sigil,1030,1263,161,178,1092790_20260427005651_1.png,2560,1600
Sigil,533,1248,183,181,1092790_20260427005651_1.png,2560,1600
Sigil,581,558,156,153,1092790_20260427005651_1.png,2560,1600
Attack,1838,545,110,188,1092790_20260427005651_1.png,2560,1600
Attack,902,1248,115,208,1092790_20260427005651_1.png,2560,1600
Attack,1401,1243,100,218,1092790_20260427005651_1.png,2560,1600
Attack,934,550,108,181,1092790_20260427005651_1.png,2560,1600
Attack,468,548,110,191,1092790_20260427005651_1.png,2560,1600
Attack,405,1248,118,216,1092790_20260427005651_1.png,2560,1600
Card,392,806,449,675,1092790_20260427005651_1.png,2560,1600
Card,882,806,454,673,1092790_20260427005651_1.png,2560,1600
Card,1366,811,449,670,1092790_20260427005651_1.png,2560,1600
Card,1808,169,432,567,1092790_20260427005651_1.png,2560,1600
Card,1361,179,414,570,1092790_20260427005651_1.png,2560,1600
Card,914,176,412,575,1092790_20260427005651_1.png,2560,1600
Card,453,169,424,582,1092790_20260427005651_1.png,2560,1600
Card,917,169,412,587,1092790_20260427005944_1.png,2560,1600
Card,1361,174,414,572,1092790_20260427005944_1.png,2560,1600
Card,889,811,439,665,1092790_20260427005944_1.png,2560,1600
Card,1361,809,447,670,1092790_20260427005944_1.png,2560,1600
Card,1836,809,472,670,1092790_20260427005944_1.png,2560,1600
Health,1196,1248,128,191,1092790_20260427005944_1.png,2560,1600
Health,1680,1245,128,198,1092790_20260427005944_1.png,2560,1600
Health,2174,1243,128,196,1092790_20260427005944_1.png,2560,1600
Health,1660,555,108,156,1092790_20260427005944_1.png,2560,1600
Health,1208,548,110,173,1092790_20260427005944_1.png,2560,1600
Sigil,1509,1253,181,186,1092790_20260427005944_1.png,2560,1600
Sigil,1015,1261,178,176,1092790_20260427005944_1.png,2560,1600
Sigil,1557,550,123,120,1092790_20260427005944_1.png,2560,1600
Sigil,1472,621,131,105,1092790_20260427005944_1.png,2560,1600
Sigil,1098,550,131,108,1092790_20260427005944_1.png,2560,1600
Sigil,1007,611,136,113,1092790_20260427005944_1.png,2560,1600
Attack,1881,1248,120,221,1092790_20260427005944_1.png,2560,1600
Attack,1384,550,103,203,1092790_20260427005944_1.png,2560,1600
Attack,1386,1245,115,218,1092790_20260427005944_1.png,2560,1600
Attack,932,553,100,193,1092790_20260427005944_1.png,2560,1600
Attack,904,1245,110,228,1092790_20260427005944_1.png,2560,1600
Attack,1886,1253,113,213,1092790_20260427010019_1.png,2560,1600
Health,2172,1248,120,196,1092790_20260427010019_1.png,2560,1600
Health,1692,1253,120,191,1092790_20260427010019_1.png,2560,1600
Health,1206,553,113,166,1092790_20260427010019_1.png,2560,1600
Health,1190,1248,125,193,1092790_20260427010019_1.png,2560,1600
Health,714,1253,115,186,1092790_20260427010019_1.png,2560,1600
Health,759,560,110,166,1092790_20260427010019_1.png,2560,1600
Sigil,1047,558,158,153,1092790_20260427010019_1.png,2560,1600
Sigil,1517,1258,176,191,1092790_20260427010019_1.png,2560,1600
Sigil,1015,1261,186,178,1092790_20260427010019_1.png,2560,1600
Sigil,515,1266,203,158,1092790_20260427010019_1.png,2560,1600
Sigil,588,558,163,156,1092790_20260427010019_1.png,2560,1600
Attack,1399,1253,110,221,1092790_20260427010019_1.png,2560,1600
Attack,907,1253,110,211,1092790_20260427010019_1.png,2560,1600
Attack,410,1248,105,216,1092790_20260427010019_1.png,2560,1600
Attack,929,553,103,186,1092790_20260427010019_1.png,2560,1600
Attack,468,548,123,196,1092790_20260427010019_1.png,2560,1600
Card,1848,816,459,660,1092790_20260427010019_1.png,2560,1600
Card,1371,794,449,688,1092790_20260427010019_1.png,2560,1600
Card,882,804,447,675,1092790_20260427010019_1.png,2560,1600
Card,912,171,414,587,1092790_20260427010019_1.png,2560,1600
Card,455,174,429,582,1092790_20260427010019_1.png,2560,1600
Card,395,811,449,668,1092790_20260427010019_1.png,2560,1600
Card,884,804,452,683,1092790_20260427010325_1.png,2560,1600
Health,1201,1248,123,191,1092790_20260427010325_1.png,2560,1600
Sigil,1030,1256,163,193,1092790_20260427010325_1.png,2560,1600
Attack,894,1248,120,228,1092790_20260427010325_1.png,2560,1600
Card,884,809,444,673,1092790_20260427010659_1.png,2560,1600
Card,1371,806,452,678,1092790_20260427010659_1.png,2560,1600
Card,1361,166,412,582,1092790_20260427010659_1.png,2560,1600
Card,912,169,422,587,1092790_20260427010659_1.png,2560,1600
Health,1201,1245,123,193,1092790_20260427010659_1.png,2560,1600
Health,1687,1248,125,196,1092790_20260427010659_1.png,2560,1600
Health,1655,553,123,163,1092790_20260427010659_1.png,2560,1600
Health,1206,550,110,166,1092790_20260427010659_1.png,2560,1600
Sigil,1035,565,166,128,1092790_20260427010659_1.png,2560,1600
Sigil,1022,1266,173,156,1092790_20260427010659_1.png,2560,1600
Attack,1386,558,100,183,1092790_20260427010659_1.png,2560,1600
Attack,1396,1248,105,228,1092790_20260427010659_1.png,2560,1600
Attack,912,1248,98,218,1092790_20260427010659_1.png,2560,1600
Attack,932,550,98,188,1092790_20260427010659_1.png,2560,1600
Attack,907,1251,105,211,1092790_20260427010859_1.png,2560,1600
Health,1201,1253,113,191,1092790_20260427010859_1.png,2560,1600
Sigil,1020,1268,181,171,1092790_20260427010859_1.png,2560,1600
Card,882,809,454,673,1092790_20260427010859_1.png,2560,1600
Attack,1391,1248,123,211,1092790_20260427010927_1.png,2560,1600
Health,1690,1248,123,188,1092790_20260427010927_1.png,2560,1600
Health,1660,553,103,158,1092790_20260427010927_1.png,2560,1600
Sigil,1552,558,123,108,1092790_20260427010927_1.png,2560,1600
Sigil,1467,613,120,108,1092790_20260427010927_1.png,2560,1600
Attack,1376,545,105,198,1092790_20260427010927_1.png,2560,1600
Card,1359,171,424,587,1092790_20260427010927_1.png,2560,1600
Card,1369,806,464,678,1092790_20260427010927_1.png,2560,1600
Card,894,799,452,680,1092790_20260427011219_1.png,2560,1600
Health,1203,1258,118,186,1092790_20260427011219_1.png,2560,1600
Sigil,1020,1243,176,191,1092790_20260427011219_1.png,2560,1600
Attack,902,1248,110,226,1092790_20260427011219_1.png,2560,1600
Attack,1401,1253,110,213,1092790_20260427011618_1.png,2560,1600
Health,2144,1258,125,186,1092790_20260427011618_1.png,2560,1600
Health,1690,1248,113,198,1092790_20260427011618_1.png,2560,1600
Health,1201,1251,120,193,1092790_20260427011618_1.png,2560,1600
Sigil,1020,1258,171,178,1092790_20260427011618_1.png,2560,1600
Sigil,1517,1261,168,166,1092790_20260427011618_1.png,2560,1600
Attack,902,1245,108,223,1092790_20260427011618_1.png,2560,1600
Card,889,809,449,680,1092790_20260427011618_1.png,2560,1600
Card,1371,806,429,678,1092790_20260427011618_1.png,2560,1600
Card,1825,801,484,673,1092790_20260427011618_1.png,2560,1600
Health,2144,1256,128,188,1092790_20260427011902_1.png,2560,1600
Health,1697,1256,110,186,1092790_20260427011902_1.png,2560,1600
Health,1203,1253,118,186,1092790_20260427011902_1.png,2560,1600
Health,1206,553,118,171,1092790_20260427011902_1.png,2560,1600
Health,739,533,123,188,1092790_20260427011902_1.png,2560,1600
Health,711,1248,123,203,1092790_20260427011902_1.png,2560,1600
Sigil,538,1261,166,183,1092790_20260427011902_1.png,2560,1600
Sigil,1015,1256,186,183,1092790_20260427011902_1.png,2560,1600
Sigil,1512,1258,178,176,1092790_20260427011902_1.png,2560,1600
Sigil,563,538,181,168,1092790_20260427011902_1.png,2560,1600
Attack,929,555,113,183,1092790_20260427011902_1.png,2560,1600
Attack,1391,1245,120,213,1092790_20260427011902_1.png,2560,1600
Attack,448,535,110,196,1092790_20260427011902_1.png,2560,1600
Attack,412,1248,110,231,1092790_20260427011902_1.png,2560,1600
Attack,899,1248,110,223,1092790_20260427011902_1.png,2560,1600
Card,433,144,457,622,1092790_20260427011902_1.png,2560,1600
Card,924,154,409,602,1092790_20260427011902_1.png,2560,1600
Card,1838,806,469,673,1092790_20260427011902_1.png,2560,1600
Card,1364,806,459,668,1092790_20260427011902_1.png,2560,1600
Card,882,801,457,678,1092790_20260427011902_1.png,2560,1600
Card,387,806,477,673,1092790_20260427011902_1.png,2560,1600
Attack,1391,1248,113,216,1092790_20260427012506_1.png,2560,1600
Health,1687,1253,120,193,1092790_20260427012506_1.png,2560,1600
Health,1617,555,138,153,1092790_20260427012506_1.png,2560,1600
Sigil,1517,1253,166,173,1092790_20260427012506_1.png,2560,1600
Card,1356,179,424,565,1092790_20260427012506_1.png,2560,1600
Card,1364,811,449,668,1092790_20260427012506_1.png,2560,1600
Card,1356,806,472,673,1092790_20260427012817_1.png,2560,1600
Card,1364,171,409,570,1092790_20260427012817_1.png,2560,1600
Card,1820,179,404,567,1092790_20260427012817_1.png,2560,1600
Card,453,171,437,577,1092790_20260427012817_1.png,2560,1600
Card,382,804,477,673,1092790_20260427012817_1.png,2560,1600
Health,1677,1251,146,188,1092790_20260427012817_1.png,2560,1600
Health,2104,550,123,171,1092790_20260427012817_1.png,2560,1600
Health,1657,545,110,171,1092790_20260427012817_1.png,2560,1600
Health,756,550,113,178,1092790_20260427012817_1.png,2560,1600
Health,709,1251,125,198,1092790_20260427012817_1.png,2560,1600
Sigil,1524,1253,153,186,1092790_20260427012817_1.png,2560,1600
Sigil,518,1263,181,181,1092790_20260427012817_1.png,2560,1600
Attack,1381,1248,131,221,1092790_20260427012817_1.png,2560,1600
Attack,1843,553,103,191,1092790_20260427012817_1.png,2560,1600
Attack,1381,550,115,186,1092790_20260427012817_1.png,2560,1600
Attack,463,553,131,193,1092790_20260427012817_1.png,2560,1600
Attack,397,1248,115,231,1092790_20260427012817_1.png,2560,1600
Card,1841,806,464,683,1092790_20260427013034_1.png,2560,1600
Card,1798,174,427,575,1092790_20260427013034_1.png,2560,1600
Card,907,174,432,575,1092790_20260427013034_1.png,2560,1600
Card,1366,806,449,668,1092790_20260427013034_1.png,2560,1600
Card,458,166,422,585,1092790_20260427013034_1.png,2560,1600
Card,382,804,479,680,1092790_20260427013034_1.png,2560,1600
Health,759,553,115,173,1092790_20260427013034_1.png,2560,1600
Health,2117,540,103,178,1092790_20260427013034_1.png,2560,1600
Health,2182,1248,120,206,1092790_20260427013034_1.png,2560,1600
Health,1173,555,128,166,1092790_20260427013034_1.png,2560,1600
Health,1690,1248,128,191,1092790_20260427013034_1.png,2560,1600
Health,668,1253,146,193,1092790_20260427013034_1.png,2560,1600
Sigil,2004,1258,166,186,1092790_20260427013034_1.png,2560,1600
Sigil,1941,573,168,133,1092790_20260427013034_1.png,2560,1600
Attack,465,550,141,196,1092790_20260427013034_1.png,2560,1600
Attack,1828,555,113,181,1092790_20260427013034_1.png,2560,1600
Attack,1873,1253,136,216,1092790_20260427013034_1.png,2560,1600
Attack,1386,1243,120,226,1092790_20260427013034_1.png,2560,1600
Health,2109,550,115,166,1092790_20260427013104_1.png,2560,1600
Health,2174,1253,125,193,1092790_20260427013104_1.png,2560,1600
Health,1692,1251,115,188,1092790_20260427013104_1.png,2560,1600
Health,1657,550,113,168,1092790_20260427013104_1.png,2560,1600
Health,1160,550,136,161,1092790_20260427013104_1.png,2560,1600
Health,749,548,125,178,1092790_20260427013104_1.png,2560,1600
Sigil,1507,1251,183,193,1092790_20260427013104_1.png,2560,1600
Sigil,2001,1258,171,191,1092790_20260427013104_1.png,2560,1600
Sigil,1943,565,171,138,1092790_20260427013104_1.png,2560,1600
Attack,1828,553,118,178,1092790_20260427013104_1.png,2560,1600
Attack,1883,1243,113,221,1092790_20260427013104_1.png,2560,1600
Attack,1391,1248,115,211,1092790_20260427013104_1.png,2560,1600
Attack,1381,543,110,183,1092790_20260427013104_1.png,2560,1600
Attack,478,545,108,201,1092790_20260427013104_1.png,2560,1600
Card,463,169,432,577,1092790_20260427013104_1.png,2560,1600
Card,917,179,409,567,1092790_20260427013104_1.png,2560,1600
Card,1364,171,409,572,1092790_20260427013104_1.png,2560,1600
Card,1810,174,432,572,1092790_20260427013104_1.png,2560,1600
Card,1848,806,464,673,1092790_20260427013104_1.png,2560,1600
Card,1364,811,457,668,1092790_20260427013104_1.png,2560,1600
Sigil,1502,1256,191,178,1092790_20260427014306_1.png,2560,1600
Sigil,533,1263,166,186,1092790_20260427014306_1.png,2560,1600
Attack,415,1248,105,221,1092790_20260427014306_1.png,2560,1600
Attack,904,1243,123,228,1092790_20260427014306_1.png,2560,1600
Attack,1394,1248,115,206,1092790_20260427014306_1.png,2560,1600
Attack,1878,1243,123,216,1092790_20260427014306_1.png,2560,1600
Health,719,1243,115,201,1092790_20260427014306_1.png,2560,1600
Health,1170,1253,125,188,1092790_20260427014306_1.png,2560,1600
Health,2174,1238,120,201,1092790_20260427014306_1.png,2560,1600
Health,1687,1240,115,196,1092790_20260427014306_1.png,2560,1600
Card,402,806,457,678,1092790_20260427014306_1.png,2560,1600
Card,1846,814,467,660,1092790_20260427014306_1.png,2560,1600
Card,1361,806,467,670,1092790_20260427014306_1.png,2560,1600
Card,889,799,434,688,1092790_20260427014306_1.png,2560,1600
Card,919,171,412,575,1092790_20260427014554_1.png,2560,1600
Card,1841,804,474,670,1092790_20260427014554_1.png,2560,1600
Card,1361,804,452,668,1092790_20260427014554_1.png,2560,1600
Health,2139,1253,136,178,1092790_20260427014554_1.png,2560,1600
Health,1695,1253,113,191,1092790_20260427014554_1.png,2560,1600
Health,1203,555,118,168,1092790_20260427014554_1.png,2560,1600
Sigil,1042,560,171,156,1092790_20260427014554_1.png,2560,1600
Sigil,1497,1248,198,203,1092790_20260427014554_1.png,2560,1600
Attack,1878,1248,100,211,1092790_20260427014554_1.png,2560,1600
Attack,1391,1248,113,221,1092790_20260427014554_1.png,2560,1600
Attack,929,555,110,178,1092790_20260427014554_1.png,2560,1600
Card,1354,144,424,612,1092790_20260427015506_1.png,2560,1600
Card,1803,156,429,595,1092790_20260427015506_1.png,2560,1600
Card,1851,806,467,668,1092790_20260427015506_1.png,2560,1600
Card,1364,811,454,653,1092790_20260427015506_1.png,2560,1600
Card,889,806,449,668,1092790_20260427015506_1.png,2560,1600
Card,395,811,459,653,1092790_20260427015506_1.png,2560,1600
Health,2104,550,118,171,1092790_20260427015506_1.png,2560,1600
Health,2139,1248,133,183,1092790_20260427015506_1.png,2560,1600
Health,1647,1251,133,188,1092790_20260427015506_1.png,2560,1600
Health,1160,1258,133,171,1092790_20260427015506_1.png,2560,1600
Health,673,1251,136,181,1092790_20260427015506_1.png,2560,1600
Health,1662,545,125,153,1092790_20260427015506_1.png,2560,1600
Sigil,1487,538,168,168,1092790_20260427015506_1.png,2560,1600
Attack,1838,545,120,196,1092790_20260427015506_1.png,2560,1600
Attack,1381,538,115,206,1092790_20260427015506_1.png,2560,1600
Card,1351,174,442,577,1092790_20260427020434_1.png,2560,1600
Card,397,801,462,680,1092790_20260427020434_1.png,2560,1600
Health,681,1248,131,196,1092790_20260427020434_1.png,2560,1600
Health,1615,558,133,151,1092790_20260427020434_1.png,2560,1600
Attack,1399,1243,100,216,1092790_20260427021940_1.png,2560,1600
Attack,902,1256,105,213,1092790_20260427021940_1.png,2560,1600
Health,1201,1248,125,188,1092790_20260427021940_1.png,2560,1600
Health,1690,1253,113,181,1092790_20260427021940_1.png,2560,1600
Health,1620,548,128,166,1092790_20260427021940_1.png,2560,1600
Health,1173,555,118,158,1092790_20260427021940_1.png,2560,1600
Sigil,1025,1258,166,188,1092790_20260427021940_1.png,2560,1600
Card,1366,796,452,683,1092790_20260427021940_1.png,2560,1600
Card,884,791,452,698,1092790_20260427021940_1.png,2560,1600
Card,912,169,424,582,1092790_20260427021940_1.png,2560,1600
Card,1369,169,414,585,1092790_20260427021940_1.png,2560,1600
Card,1359,164,429,587,1092790_20260427024359_1.png,2560,1600
Health,1657,553,118,161,1092790_20260427024359_1.png,2560,1600
Sigil,1554,555,125,100,1092790_20260427024359_1.png,2560,1600
Sigil,1474,618,118,103,1092790_20260427024359_1.png,2560,1600
Attack,1379,548,110,191,1092790_20260427024359_1.png,2560,1600
label_name,bbox_x,bbox_y,bbox_width,bbox_height,image_name,image_width,image_height
Card,889,811,444,660,1092790_20260425235747_1.png,2560,1600
Health,1193,1243,133,203,1092790_20260425235747_1.png,2560,1600
Attack,899,1243,120,226,1092790_20260425235747_1.png,2560,1600
Card,889,816,444,668,1092790_20260425235829_1.png,2560,1600
Health,1196,1251,133,193,1092790_20260425235829_1.png,2560,1600
Attack,904,1248,115,226,1092790_20260425235829_1.png,2560,1600
Card,922,179,409,567,1092790_20260425235944_1.png,2560,1600
Card,897,816,437,663,1092790_20260425235944_1.png,2560,1600
Health,1203,545,131,188,1092790_20260425235944_1.png,2560,1600
Health,1190,1251,136,193,1092790_20260425235944_1.png,2560,1600
Attack,929,560,108,178,1092790_20260425235944_1.png,2560,1600
Attack,907,1253,110,223,1092790_20260425235944_1.png,2560,1600
Card,922,176,407,570,1092790_20260426000018_1.png,2560,1600
Card,894,816,437,660,1092790_20260426000018_1.png,2560,1600
Attack,929,553,110,188,1092790_20260426000018_1.png,2560,1600
Attack,907,1258,118,216,1092790_20260426000018_1.png,2560,1600
Health,1206,555,115,161,1092790_20260426000018_1.png,2560,1600
Health,1196,1253,131,186,1092790_20260426000018_1.png,2560,1600
Card,884,811,452,660,1092790_20260426000110_1.png,2560,1600
Card,1371,809,447,670,1092790_20260426000110_1.png,2560,1600
Attack,904,1243,115,226,1092790_20260426000110_1.png,2560,1600
Attack,1396,1251,110,218,1092790_20260426000110_1.png,2560,1600
Health,1203,1253,123,196,1092790_20260426000110_1.png,2560,1600
Health,1687,1245,125,198,1092790_20260426000110_1.png,2560,1600
Card,473,169,414,582,1092790_20260426000343_1.png,2560,1600
Health,1617,555,131,153,1092790_20260426000343_1.png,2560,1600
Health,1155,1256,141,178,1092790_20260426000343_1.png,2560,1600
Health,719,555,125,168,1092790_20260426000343_1.png,2560,1600
Card,1361,179,412,577,1092790_20260426000343_1.png,2560,1600
Card,899,809,437,675,1092790_20260426000343_1.png,2560,1600
Card,894,809,442,668,1092790_20260426000911_1.png,2560,1600
Card,1371,816,452,658,1092790_20260426000911_1.png,2560,1600
Card,1848,809,477,675,1092790_20260426000911_1.png,2560,1600
Card,1795,169,449,567,1092790_20260426000911_1.png,2560,1600
Card,1351,164,437,582,1092790_20260426000911_1.png,2560,1600
Sigil,1487,533,186,201,1092790_20260426000911_1.png,2560,1600
Sigil,1948,558,171,158,1092790_20260426000911_1.png,2560,1600
Sigil,2009,1268,186,171,1092790_20260426000911_1.png,2560,1600
Sigil,1497,1258,206,186,1092790_20260426000911_1.png,2560,1600
Attack,904,1253,110,226,1092790_20260426000911_1.png,2560,1600
Attack,1386,550,105,191,1092790_20260426000911_1.png,2560,1600
Attack,1846,553,98,178,1092790_20260426000911_1.png,2560,1600
Attack,1386,1251,120,223,1092790_20260426000911_1.png,2560,1600
Attack,1896,1258,123,216,1092790_20260426000911_1.png,2560,1600
Health,1201,1253,125,193,1092790_20260426000911_1.png,2560,1600
Health,1680,1243,131,216,1092790_20260426000911_1.png,2560,1600
Health,2189,1238,136,221,1092790_20260426000911_1.png,2560,1600
Health,1665,540,108,181,1092790_20260426000911_1.png,2560,1600
Health,2114,540,115,183,1092790_20260426000911_1.png,2560,1600
Card,1800,164,444,582,1092790_20260426000949_1.png,2560,1600
Card,390,806,462,668,1092790_20260426000949_1.png,2560,1600
Card,887,811,449,668,1092790_20260426000949_1.png,2560,1600
Card,1366,814,447,663,1092790_20260426000949_1.png,2560,1600
Card,1838,809,477,663,1092790_20260426000949_1.png,2560,1600
Sigil,1499,1253,196,191,1092790_20260426000949_1.png,2560,1600
Sigil,1996,1261,196,186,1092790_20260426000949_1.png,2560,1600
Sigil,1951,555,173,158,1092790_20260426000949_1.png,2560,1600
Attack,904,1243,108,236,1092790_20260426000949_1.png,2560,1600
Attack,402,1243,123,226,1092790_20260426000949_1.png,2560,1600
Attack,1396,1251,108,223,1092790_20260426000949_1.png,2560,1600
Attack,1883,1238,118,228,1092790_20260426000949_1.png,2560,1600
Attack,1843,543,108,198,1092790_20260426000949_1.png,2560,1600
Health,2124,540,113,171,1092790_20260426000949_1.png,2560,1600
Health,711,1253,128,188,1092790_20260426000949_1.png,2560,1600
Health,1201,1253,125,191,1092790_20260426000949_1.png,2560,1600
Health,1690,1251,123,198,1092790_20260426000949_1.png,2560,1600
Health,2187,1243,118,201,1092790_20260426000949_1.png,2560,1600
Health,1160,1253,136,186,1092790_20260426001159_1.png,2560,1600
Health,1650,1256,133,186,1092790_20260426001159_1.png,2560,1600
Sigil,1452,1256,193,173,1092790_20260426001159_1.png,2560,1600
Sigil,972,1263,178,163,1092790_20260426001159_1.png,2560,1600
Card,899,811,437,663,1092790_20260426001159_1.png,2560,1600
Card,1366,806,447,673,1092790_20260426001159_1.png,2560,1600
Sigil,523,1253,188,191,1092790_20260426001246_1.png,2560,1600
Sigil,970,1266,191,153,1092790_20260426001246_1.png,2560,1600
Sigil,1462,1268,188,153,1092790_20260426001246_1.png,2560,1600
Sigil,1492,555,178,146,1092790_20260426001246_1.png,2560,1600
Attack,1878,1248,131,226,1092790_20260426001246_1.png,2560,1600
Attack,1825,550,123,188,1092790_20260426001246_1.png,2560,1600
Attack,1386,550,113,191,1092790_20260426001246_1.png,2560,1600
Attack,412,1243,115,226,1092790_20260426001246_1.png,2560,1600
Health,2099,558,125,161,1092790_20260426001246_1.png,2560,1600
Health,2164,1248,141,206,1092790_20260426001246_1.png,2560,1600
Health,1667,540,100,166,1092790_20260426001246_1.png,2560,1600
Health,1657,1251,125,193,1092790_20260426001246_1.png,2560,1600
Health,1165,1243,128,203,1092790_20260426001246_1.png,2560,1600
Health,711,1248,123,201,1092790_20260426001246_1.png,2560,1600
Card,397,804,459,678,1092790_20260426001246_1.png,2560,1600
Card,889,811,452,673,1092790_20260426001246_1.png,2560,1600
Card,1356,174,414,577,1092790_20260426001246_1.png,2560,1600
Card,1795,174,442,582,1092790_20260426001246_1.png,2560,1600
Card,1366,811,434,668,1092790_20260426001246_1.png,2560,1600
Card,1828,816,487,670,1092790_20260426001246_1.png,2560,1600
Sigil,1497,550,161,161,1092790_20260426001322_1.png,2560,1600
Sigil,970,1268,191,158,1092790_20260426001322_1.png,2560,1600
Sigil,1467,1266,188,158,1092790_20260426001322_1.png,2560,1600
Sigil,513,1263,188,181,1092790_20260426001322_1.png,2560,1600
Attack,1830,550,118,198,1092790_20260426001322_1.png,2560,1600
Attack,475,550,118,191,1092790_20260426001322_1.png,2560,1600
Attack,405,1253,108,223,1092790_20260426001322_1.png,2560,1600
Health,741,553,133,168,1092790_20260426001322_1.png,2560,1600
Health,2094,555,133,166,1092790_20260426001322_1.png,2560,1600
Health,704,1253,123,196,1092790_20260426001322_1.png,2560,1600
Health,1160,1248,133,191,1092790_20260426001322_1.png,2560,1600
Health,1652,1248,123,186,1092790_20260426001322_1.png,2560,1600
Health,1665,545,103,163,1092790_20260426001322_1.png,2560,1600
Attack,1389,543,98,196,1092790_20260426001322_1.png,2560,1600
Card,460,171,424,575,1092790_20260426001322_1.png,2560,1600
Card,1366,166,402,585,1092790_20260426001322_1.png,2560,1600
Card,1808,174,422,572,1092790_20260426001322_1.png,2560,1600
Card,407,811,427,673,1092790_20260426001322_1.png,2560,1600
Card,897,814,437,660,1092790_20260426001322_1.png,2560,1600
Card,1361,809,454,675,1092790_20260426001322_1.png,2560,1600
Card,1851,816,459,673,1092790_20260426001646_1.png,2560,1600
Health,2122,1253,163,196,1092790_20260426001646_1.png,2560,1600
Card,884,811,452,668,1092790_20260426001730_1.png,2560,1600
Card,1848,814,467,675,1092790_20260426001730_1.png,2560,1600
Health,2129,1253,151,193,1092790_20260426001730_1.png,2560,1600
Health,1203,1253,123,198,1092790_20260426001730_1.png,2560,1600
Attack,904,1248,105,228,1092790_20260426001730_1.png,2560,1600
Sigil,1010,1245,191,208,1092790_20260426001730_1.png,2560,1600
Health,1203,1248,128,201,1092790_20260426001817_1.png,2560,1600
Health,2139,1251,143,186,1092790_20260426001817_1.png,2560,1600
Health,739,540,120,161,1092790_20260426001817_1.png,2560,1600
Health,1206,563,118,153,1092790_20260426001817_1.png,2560,1600
Health,709,1253,125,191,1092790_20260426001817_1.png,2560,1600
Card,438,149,457,622,1092790_20260426001817_1.png,2560,1600
Card,919,171,412,585,1092790_20260426001817_1.png,2560,1600
Card,1841,809,474,680,1092790_20260426001817_1.png,2560,1600
Card,390,814,462,675,1092790_20260426001817_1.png,2560,1600
Card,884,809,457,675,1092790_20260426001817_1.png,2560,1600
Sigil,1010,1253,198,196,1092790_20260426001817_1.png,2560,1600
Sigil,566,543,168,166,1092790_20260426001817_1.png,2560,1600
Attack,919,555,131,191,1092790_20260426001817_1.png,2560,1600
Attack,400,1245,133,236,1092790_20260426001817_1.png,2560,1600
Attack,448,535,105,213,1092790_20260426001817_1.png,2560,1600
Attack,897,1248,115,231,1092790_20260426001817_1.png,2560,1600
Card,897,149,442,615,1092790_20260426001842_1.png,2560,1600
Card,1361,174,427,585,1092790_20260426001842_1.png,2560,1600
Card,402,801,449,675,1092790_20260426001842_1.png,2560,1600
Card,884,809,454,673,1092790_20260426001842_1.png,2560,1600
Card,1361,816,447,668,1092790_20260426001842_1.png,2560,1600
Card,1843,806,477,673,1092790_20260426001842_1.png,2560,1600
Sigil,1020,540,176,161,1092790_20260426001842_1.png,2560,1600
Sigil,1010,1256,198,193,1092790_20260426001842_1.png,2560,1600
Attack,1381,553,110,188,1092790_20260426001842_1.png,2560,1600
Attack,1391,1256,125,218,1092790_20260426001842_1.png,2560,1600
Attack,912,540,110,201,1092790_20260426001842_1.png,2560,1600
Attack,402,1251,136,218,1092790_20260426001842_1.png,2560,1600
Attack,904,1248,100,226,1092790_20260426001842_1.png,2560,1600
Health,1652,555,120,166,1092790_20260426001842_1.png,2560,1600
Health,1201,533,120,166,1092790_20260426001842_1.png,2560,1600
Health,694,1245,146,206,1092790_20260426001842_1.png,2560,1600
Health,1687,1248,128,193,1092790_20260426001842_1.png,2560,1600
Health,2129,1251,153,193,1092790_20260426001842_1.png,2560,1600
Health,1203,1245,125,198,1092790_20260426001842_1.png,2560,1600
Health,761,560,108,161,1092790_20260426002054_1.png,2560,1600
Health,709,1253,131,191,1092790_20260426002054_1.png,2560,1600
Health,1158,1261,141,176,1092790_20260426002054_1.png,2560,1600
Health,1647,1253,141,191,1092790_20260426002054_1.png,2560,1600
Health,2134,1256,146,188,1092790_20260426002054_1.png,2560,1600
Sigil,593,565,173,146,1092790_20260426002054_1.png,2560,1600
Attack,473,553,105,193,1092790_20260426002054_1.png,2560,1600
Attack,407,1243,110,228,1092790_20260426002054_1.png,2560,1600
Card,1838,806,457,663,1092790_20260426002054_1.png,2560,1600
Card,473,161,414,580,1092790_20260426002054_1.png,2560,1600
Card,899,809,422,653,1092790_20260426002054_1.png,2560,1600
Card,1361,811,452,653,1092790_20260426002054_1.png,2560,1600
Card,402,806,447,685,1092790_20260426002054_1.png,2560,1600
Card,385,806,479,673,1092790_20260426002252_1.png,2560,1600
Card,899,811,432,663,1092790_20260426002252_1.png,2560,1600
Card,1374,814,439,665,1092790_20260426002252_1.png,2560,1600
Card,1361,171,422,580,1092790_20260426002252_1.png,2560,1600
Card,1838,806,474,668,1092790_20260426002252_1.png,2560,1600
Card,463,179,419,582,1092790_20260426002252_1.png,2560,1600
Sigil,1492,565,158,153,1092790_20260426002252_1.png,2560,1600
Sigil,593,563,163,153,1092790_20260426002252_1.png,2560,1600
Sigil,528,1258,181,178,1092790_20260426002252_1.png,2560,1600
Sigil,1517,1258,166,176,1092790_20260426002252_1.png,2560,1600
Health,2132,1258,146,186,1092790_20260426002252_1.png,2560,1600
Health,1160,1258,131,181,1092790_20260426002252_1.png,2560,1600
Health,1690,1253,120,196,1092790_20260426002252_1.png,2560,1600
Health,714,1251,125,196,1092790_20260426002252_1.png,2560,1600
Health,1657,548,118,171,1092790_20260426002252_1.png,2560,1600
Health,759,553,110,166,1092790_20260426002252_1.png,2560,1600
Attack,473,553,110,201,1092790_20260426002252_1.png,2560,1600
Attack,1396,1253,103,226,1092790_20260426002252_1.png,2560,1600
Attack,405,1251,118,226,1092790_20260426002252_1.png,2560,1600
Attack,1381,555,125,186,1092790_20260426002755_1.png,2560,1600
Attack,904,1243,115,223,1092790_20260426002755_1.png,2560,1600
Attack,1389,1251,128,213,1092790_20260426002755_1.png,2560,1600
Health,1201,1256,123,191,1092790_20260426002755_1.png,2560,1600
Health,1685,1256,125,188,1092790_20260426002755_1.png,2560,1600
Health,1652,560,118,151,1092790_20260426002755_1.png,2560,1600
Card,1361,176,424,572,1092790_20260426002755_1.png,2560,1600
Card,1356,811,467,673,1092790_20260426002755_1.png,2560,1600
Card,879,806,454,678,1092790_20260426002755_1.png,2560,1600
Attack,1386,548,120,188,1092790_20260426002841_1.png,2560,1600
Attack,1386,1248,125,223,1092790_20260426002841_1.png,2560,1600
Attack,904,1253,105,216,1092790_20260426002841_1.png,2560,1600
Health,1687,1253,120,186,1092790_20260426002841_1.png,2560,1600
Health,1655,560,118,156,1092790_20260426002841_1.png,2560,1600
Health,1198,1253,128,188,1092790_20260426002841_1.png,2560,1600
Card,899,806,444,675,1092790_20260426002841_1.png,2560,1600
Card,1371,814,442,670,1092790_20260426002841_1.png,2560,1600
Card,1356,176,432,577,1092790_20260426002841_1.png,2560,1600
Sigil,1512,1268,176,161,1092790_20260426002841_1.png,2560,1600
Sigil,578,555,161,148,1092790_20260426003258_1.png,2560,1600
Sigil,1497,558,161,148,1092790_20260426003258_1.png,2560,1600
Health,1201,1253,120,181,1092790_20260426003258_1.png,2560,1600
Health,2179,1253,125,186,1092790_20260426003258_1.png,2560,1600
Health,749,545,110,168,1092790_20260426003258_1.png,2560,1600
Health,1662,548,105,163,1092790_20260426003258_1.png,2560,1600
Attack,1384,545,103,193,1092790_20260426003258_1.png,2560,1600
Attack,1881,1248,123,221,1092790_20260426003258_1.png,2560,1600
Attack,470,548,90,191,1092790_20260426003258_1.png,2560,1600
Attack,904,1248,105,221,1092790_20260426003258_1.png,2560,1600
Card,443,159,442,590,1092790_20260426003258_1.png,2560,1600
Card,1356,164,422,585,1092790_20260426003258_1.png,2560,1600
Card,887,811,447,673,1092790_20260426003258_1.png,2560,1600
Card,1830,811,492,670,1092790_20260426003258_1.png,2560,1600
Sigil,1948,555,171,156,1092790_20260426003744_1.png,2560,1600
Sigil,538,1253,168,186,1092790_20260426003744_1.png,2560,1600
Health,759,553,110,163,1092790_20260426003744_1.png,2560,1600
Health,716,1240,113,198,1092790_20260426003744_1.png,2560,1600
Health,2114,548,100,163,1092790_20260426003744_1.png,2560,1600
Attack,478,555,100,183,1092790_20260426003744_1.png,2560,1600
Attack,1843,555,95,178,1092790_20260426003744_1.png,2560,1600
Attack,412,1253,103,211,1092790_20260426003744_1.png,2560,1600
Card,468,169,419,587,1092790_20260426003744_1.png,2560,1600
Card,1803,166,427,577,1092790_20260426003744_1.png,2560,1600
Card,390,811,464,675,1092790_20260426003744_1.png,2560,1600
Sigil,571,560,181,148,1092790_20260426004217_1.png,2560,1600
Sigil,1946,550,191,153,1092790_20260426004217_1.png,2560,1600
Sigil,1030,1253,161,186,1092790_20260426004217_1.png,2560,1600
Health,2124,1245,151,198,1092790_20260426004217_1.png,2560,1600
Health,1201,1258,120,186,1092790_20260426004217_1.png,2560,1600
Health,2124,543,113,166,1092790_20260426004217_1.png,2560,1600
Health,744,538,115,173,1092790_20260426004217_1.png,2560,1600
Attack,1853,548,105,188,1092790_20260426004217_1.png,2560,1600
Attack,470,550,98,176,1092790_20260426004217_1.png,2560,1600
Attack,899,1251,118,216,1092790_20260426004217_1.png,2560,1600
Card,889,796,432,683,1092790_20260426004217_1.png,2560,1600
Card,1841,814,462,660,1092790_20260426004217_1.png,2560,1600
Card,1808,164,437,582,1092790_20260426004217_1.png,2560,1600
Card,453,164,432,580,1092790_20260426004217_1.png,2560,1600
Card,468,171,402,570,1092790_20260426004416_1.png,2560,1600
Card,1356,174,412,572,1092790_20260426004416_1.png,2560,1600
Card,1803,169,449,572,1092790_20260426004416_1.png,2560,1600
Card,887,816,444,655,1092790_20260426004416_1.png,2560,1600
Card,1361,814,449,665,1092790_20260426004416_1.png,2560,1600
Card,1830,791,472,693,1092790_20260426004416_1.png,2560,1600
Health,759,553,103,171,1092790_20260426004416_1.png,2560,1600
Health,1655,560,123,151,1092790_20260426004416_1.png,2560,1600
Health,2127,540,110,166,1092790_20260426004416_1.png,2560,1600
Health,2139,1256,131,186,1092790_20260426004416_1.png,2560,1600
Health,1677,1253,133,191,1092790_20260426004416_1.png,2560,1600
Health,1203,1248,120,196,1092790_20260426004416_1.png,2560,1600
Sigil,1953,550,176,158,1092790_20260426004416_1.png,2560,1600
Sigil,581,550,156,166,1092790_20260426004416_1.png,2560,1600
Attack,478,550,93,188,1092790_20260426004416_1.png,2560,1600
Attack,1389,555,93,186,1092790_20260426004416_1.png,2560,1600
Attack,1853,545,110,193,1092790_20260426004416_1.png,2560,1600
Attack,902,1253,110,218,1092790_20260426004416_1.png,2560,1600
Attack,1394,1251,105,216,1092790_20260426004416_1.png,2560,1600
Attack,402,1253,115,221,1092790_20260426004813_1.png,2560,1600
Attack,440,540,113,201,1092790_20260426004813_1.png,2560,1600
Attack,907,1248,103,226,1092790_20260426004813_1.png,2560,1600
Attack,934,553,100,188,1092790_20260426004813_1.png,2560,1600
Health,1206,555,115,161,1092790_20260426004813_1.png,2560,1600
Health,741,540,113,171,1092790_20260426004813_1.png,2560,1600
Health,714,1258,118,188,1092790_20260426004813_1.png,2560,1600
Health,1201,1248,125,198,1092790_20260426004813_1.png,2560,1600
Health,2134,1258,146,181,1092790_20260426004813_1.png,2560,1600
Sigil,1020,1251,178,203,1092790_20260426004813_1.png,2560,1600
Sigil,566,540,173,161,1092790_20260426004813_1.png,2560,1600
Card,1841,806,472,660,1092790_20260426004813_1.png,2560,1600
Card,433,149,467,617,1092790_20260426004813_1.png,2560,1600
Card,924,176,412,580,1092790_20260426004813_1.png,2560,1600
Card,377,806,482,680,1092790_20260426004813_1.png,2560,1600
Card,887,806,457,688,1092790_20260426004813_1.png,2560,1600
Card,448,161,454,590,1092790_20260426005700_1.png,2560,1600
Card,390,791,479,700,1092790_20260426005700_1.png,2560,1600
Card,1785,171,469,582,1092790_20260426005700_1.png,2560,1600
Card,1359,804,457,680,1092790_20260426005700_1.png,2560,1600
Card,1830,814,467,670,1092790_20260426005700_1.png,2560,1600
Attack,1871,1248,143,218,1092790_20260426005700_1.png,2560,1600
Attack,1391,1253,115,213,1092790_20260426005700_1.png,2560,1600
Attack,405,1251,113,226,1092790_20260426005700_1.png,2560,1600
Attack,475,550,113,191,1092790_20260426005700_1.png,2560,1600
Attack,1833,555,108,178,1092790_20260426005700_1.png,2560,1600
Health,2169,1248,125,193,1092790_20260426005700_1.png,2560,1600
Health,2102,555,133,168,1092790_20260426005700_1.png,2560,1600
Health,1685,1251,125,188,1092790_20260426005700_1.png,2560,1600
Health,716,1248,118,196,1092790_20260426005700_1.png,2560,1600
Health,756,550,113,166,1092790_20260426005700_1.png,2560,1600
Sigil,533,1258,191,178,1092790_20260426005700_1.png,2560,1600
Sigil,588,553,163,151,1092790_20260426005700_1.png,2560,1600
label_name,bbox_x,bbox_y,bbox_width,bbox_height,image_name,image_width,image_height
Card,412,144,497,625,1092790_20260427003216_1.png,2560,1600
Card,914,166,417,587,1092790_20260427003216_1.png,2560,1600
Card,1366,804,449,685,1092790_20260427003216_1.png,2560,1600
Card,402,801,457,678,1092790_20260427003216_1.png,2560,1600
Card,892,806,434,670,1092790_20260427003216_1.png,2560,1600
Card,1841,806,474,673,1092790_20260427003216_1.png,2560,1600
Health,2137,1258,136,186,1092790_20260427003216_1.png,2560,1600
Health,1685,1248,128,193,1092790_20260427003216_1.png,2560,1600
Health,1208,550,113,171,1092790_20260427003216_1.png,2560,1600
Health,1201,1253,113,186,1092790_20260427003216_1.png,2560,1600
Health,714,1258,125,186,1092790_20260427003216_1.png,2560,1600
Health,741,540,113,166,1092790_20260427003216_1.png,2560,1600
Sigil,1020,1258,176,181,1092790_20260427003216_1.png,2560,1600
Sigil,573,535,163,166,1092790_20260427003216_1.png,2560,1600
Attack,1391,1245,110,221,1092790_20260427003216_1.png,2560,1600
Attack,929,555,108,186,1092790_20260427003216_1.png,2560,1600
Attack,904,1256,105,218,1092790_20260427003216_1.png,2560,1600
Attack,443,538,113,201,1092790_20260427003216_1.png,2560,1600
Attack,412,1248,110,226,1092790_20260427003216_1.png,2560,1600
Health,1143,1248,151,191,1092790_20260427003328_1.png,2560,1600
Health,1650,1248,138,193,1092790_20260427003328_1.png,2560,1600
Health,2192,1243,123,211,1092790_20260427003328_1.png,2560,1600
Health,2107,555,123,171,1092790_20260427003328_1.png,2560,1600
Health,1198,530,125,171,1092790_20260427003328_1.png,2560,1600
Health,711,1248,120,196,1092790_20260427003328_1.png,2560,1600
Sigil,1025,535,171,171,1092790_20260427003328_1.png,2560,1600
Sigil,1951,560,158,156,1092790_20260427003328_1.png,2560,1600
Sigil,2011,1263,188,186,1092790_20260427003328_1.png,2560,1600
Sigil,535,1263,163,186,1092790_20260427003328_1.png,2560,1600
Attack,407,1243,115,226,1092790_20260427003328_1.png,2560,1600
Attack,1893,1253,113,228,1092790_20260427003328_1.png,2560,1600
Attack,1833,550,120,183,1092790_20260427003328_1.png,2560,1600
Attack,919,535,108,186,1092790_20260427003328_1.png,2560,1600
Card,1366,801,459,678,1092790_20260427003328_1.png,2560,1600
Card,889,796,447,678,1092790_20260427003328_1.png,2560,1600
Card,912,144,429,607,1092790_20260427003328_1.png,2560,1600
Card,1798,179,447,585,1092790_20260427003328_1.png,2560,1600
Card,1853,814,477,680,1092790_20260427003328_1.png,2560,1600
Card,392,796,462,683,1092790_20260427003328_1.png,2560,1600
Attack,1830,548,110,193,1092790_20260427003441_1.png,2560,1600
Attack,914,525,110,201,1092790_20260427003441_1.png,2560,1600
Health,1201,535,125,168,1092790_20260427003441_1.png,2560,1600
Health,2114,555,108,171,1092790_20260427003441_1.png,2560,1600
Health,2184,1253,120,196,1092790_20260427003441_1.png,2560,1600
Health,1692,1253,113,173,1092790_20260427003441_1.png,2560,1600
Health,1170,1253,120,193,1092790_20260427003441_1.png,2560,1600
Health,719,1258,113,183,1092790_20260427003441_1.png,2560,1600
Sigil,2006,1258,173,166,1092790_20260427003441_1.png,2560,1600
Sigil,1514,1261,176,181,1092790_20260427003441_1.png,2560,1600
Sigil,1948,565,156,161,1092790_20260427003441_1.png,2560,1600
Sigil,530,1261,168,178,1092790_20260427003441_1.png,2560,1600
Sigil,1035,535,156,176,1092790_20260427003441_1.png,2560,1600
Attack,1878,1248,125,216,1092790_20260427003441_1.png,2560,1600
Attack,407,1248,113,223,1092790_20260427003441_1.png,2560,1600
Card,397,801,452,673,1092790_20260427003441_1.png,2560,1600
Card,904,141,432,607,1092790_20260427003441_1.png,2560,1600
Card,1803,169,442,577,1092790_20260427003441_1.png,2560,1600
Card,1848,801,477,663,1092790_20260427003441_1.png,2560,1600
Card,1366,806,454,673,1092790_20260427003441_1.png,2560,1600
Card,884,799,454,675,1092790_20260427003441_1.png,2560,1600
Attack,1386,1251,131,216,1092790_20260427003441_1.png,2560,1600
Card,877,796,454,683,1092790_20260427003801_1.png,2560,1600
Card,1374,804,439,665,1092790_20260427003801_1.png,2560,1600
Card,1838,811,472,660,1092790_20260427003801_1.png,2560,1600
Card,914,176,419,570,1092790_20260427003801_1.png,2560,1600
Card,1364,164,404,580,1092790_20260427003801_1.png,2560,1600
Card,1808,169,404,577,1092790_20260427003801_1.png,2560,1600
Health,2174,1248,125,191,1092790_20260427003801_1.png,2560,1600
Health,1687,1253,123,181,1092790_20260427003801_1.png,2560,1600
Health,1206,555,115,161,1092790_20260427003801_1.png,2560,1600
Health,1201,1248,118,191,1092790_20260427003801_1.png,2560,1600
Sigil,1474,365,193,173,1092790_20260427003801_1.png,2560,1600
Sigil,1913,375,198,163,1092790_20260427003801_1.png,2560,1600
Sigil,2001,1256,173,181,1092790_20260427003801_1.png,2560,1600
Sigil,1025,1256,176,183,1092790_20260427003801_1.png,2560,1600
Sigil,1045,555,161,166,1092790_20260427003801_1.png,2560,1600
Attack,929,545,105,196,1092790_20260427003801_1.png,2560,1600
Attack,1396,1248,108,211,1092790_20260427003801_1.png,2560,1600
Attack,899,1243,108,226,1092790_20260427003801_1.png,2560,1600
Attack,1886,1245,113,216,1092790_20260427003801_1.png,2560,1600
label_name,bbox_x,bbox_y,bbox_width,bbox_height,image_name,image_width,image_height
Card,1356,164,442,592,1092790_20260426022041_1.png,2560,1600
Card,1359,804,459,680,1092790_20260426022041_1.png,2560,1600
Card,382,801,469,675,1092790_20260426022041_1.png,2560,1600
Card,887,801,449,680,1092790_20260426022041_1.png,2560,1600
Health,1682,1253,128,186,1092790_20260426022041_1.png,2560,1600
Health,1196,1251,128,193,1092790_20260426022041_1.png,2560,1600
Health,714,1240,128,206,1092790_20260426022041_1.png,2560,1600
Health,1652,555,115,151,1092790_20260426022041_1.png,2560,1600
Sigil,1020,1258,176,178,1092790_20260426022041_1.png,2560,1600
Sigil,1497,1215,203,248,1092790_20260426022041_1.png,2560,1600
Sigil,1559,553,118,103,1092790_20260426022041_1.png,2560,1600
Sigil,1469,613,125,108,1092790_20260426022041_1.png,2560,1600
Attack,909,1251,88,223,1092790_20260426022041_1.png,2560,1600
Attack,1381,548,103,193,1092790_20260426022041_1.png,2560,1600
Attack,1391,1243,103,231,1092790_20260426022041_1.png,2560,1600
Attack,407,1245,110,226,1092790_20260426022041_1.png,2560,1600
Attack,927,553,103,183,1092790_20260426022123_1.png,2560,1600
Attack,902,1248,108,218,1092790_20260426022123_1.png,2560,1600
Attack,1396,1251,100,211,1092790_20260426022123_1.png,2560,1600
Health,1201,548,110,161,1092790_20260426022123_1.png,2560,1600
Health,1680,1245,138,196,1092790_20260426022123_1.png,2560,1600
Health,1203,1245,120,193,1092790_20260426022123_1.png,2560,1600
Sigil,1025,1261,166,176,1092790_20260426022123_1.png,2560,1600
Sigil,1497,1215,196,233,1092790_20260426022123_1.png,2560,1600
Card,894,796,444,685,1092790_20260426022123_1.png,2560,1600
Card,1366,801,452,673,1092790_20260426022123_1.png,2560,1600
Card,909,169,432,582,1092790_20260426022123_1.png,2560,1600
Card,904,164,432,590,1092790_20260426022222_1.png,2560,1600
Card,889,801,452,678,1092790_20260426022222_1.png,2560,1600
Card,1369,811,444,653,1092790_20260426022222_1.png,2560,1600
Card,1838,799,482,668,1092790_20260426022222_1.png,2560,1600
Health,2167,1248,133,191,1092790_20260426022222_1.png,2560,1600
Health,1690,1256,123,181,1092790_20260426022222_1.png,2560,1600
Health,1201,1253,118,178,1092790_20260426022222_1.png,2560,1600
Health,1173,558,120,153,1092790_20260426022222_1.png,2560,1600
Sigil,995,560,166,146,1092790_20260426022222_1.png,2560,1600
Sigil,1015,1263,181,178,1092790_20260426022222_1.png,2560,1600
Sigil,1497,1225,191,228,1092790_20260426022222_1.png,2560,1600
Sigil,1981,1220,196,218,1092790_20260426022222_1.png,2560,1600
Attack,1881,1245,108,218,1092790_20260426022222_1.png,2560,1600
Attack,909,1258,100,216,1092790_20260426022222_1.png,2560,1600
Attack,1391,1251,113,208,1092790_20260426022222_1.png,2560,1600
Attack,515,445,181,309,1092790_20260426022346_1.png,2560,1600
Attack,902,1248,113,218,1092790_20260426022346_1.png,2560,1600
Attack,1396,1248,118,216,1092790_20260426022346_1.png,2560,1600
Attack,1893,1238,115,231,1092790_20260426022346_1.png,2560,1600
Health,2174,1245,136,203,1092790_20260426022346_1.png,2560,1600
Health,1928,445,264,281,1092790_20260426022346_1.png,2560,1600
Health,1687,1248,128,193,1092790_20260426022346_1.png,2560,1600
Health,1185,1243,131,193,1092790_20260426022346_1.png,2560,1600
Sigil,919,455,289,248,1092790_20260426022346_1.png,2560,1600
Sigil,1512,460,246,233,1092790_20260426022346_1.png,2560,1600
Sigil,1203,445,284,274,1092790_20260426022346_1.png,2560,1600
Sigil,1507,1225,193,228,1092790_20260426022346_1.png,2560,1600
Sigil,1996,1223,191,236,1092790_20260426022346_1.png,2560,1600
Sigil,1010,1218,196,246,1092790_20260426022346_1.png,2560,1600
Card,892,791,437,675,1092790_20260426022346_1.png,2560,1600
Card,1361,801,457,678,1092790_20260426022346_1.png,2560,1600
Card,1843,806,484,678,1092790_20260426022346_1.png,2560,1600
Card,483,63,1744,695,1092790_20260426022346_1.png,2560,1600
Health,1928,435,251,291,1092790_20260426022413_1.png,2560,1600
Health,709,1245,123,193,1092790_20260426022413_1.png,2560,1600
Health,1193,1248,131,191,1092790_20260426022413_1.png,2560,1600
Health,1682,1248,125,183,1092790_20260426022413_1.png,2560,1600
Health,2172,1253,128,186,1092790_20260426022413_1.png,2560,1600
Sigil,1971,1223,216,236,1092790_20260426022413_1.png,2560,1600
Sigil,909,450,301,246,1092790_20260426022413_1.png,2560,1600
Sigil,1519,455,218,236,1092790_20260426022413_1.png,2560,1600
Sigil,1206,435,276,269,1092790_20260426022413_1.png,2560,1600
Sigil,1492,1215,206,241,1092790_20260426022413_1.png,2560,1600
Sigil,1007,1218,198,238,1092790_20260426022413_1.png,2560,1600
Sigil,588,1245,136,136,1092790_20260426022413_1.png,2560,1600
Sigil,493,1321,131,138,1092790_20260426022413_1.png,2560,1600
Attack,510,435,181,314,1092790_20260426022413_1.png,2560,1600
Attack,412,1248,100,221,1092790_20260426022413_1.png,2560,1600
Attack,902,1248,100,211,1092790_20260426022413_1.png,2560,1600
Attack,1391,1248,105,213,1092790_20260426022413_1.png,2560,1600
Attack,1883,1245,105,216,1092790_20260426022413_1.png,2560,1600
Card,478,53,1727,698,1092790_20260426022413_1.png,2560,1600
Card,402,806,447,670,1092790_20260426022413_1.png,2560,1600
Card,889,801,442,673,1092790_20260426022413_1.png,2560,1600
Card,1361,806,459,668,1092790_20260426022413_1.png,2560,1600
Card,1846,806,457,663,1092790_20260426022413_1.png,2560,1600
Card,390,804,467,673,1092790_20260427002223_1.png,2560,1600
Card,1351,164,437,582,1092790_20260427002223_1.png,2560,1600
Health,1625,560,120,156,1092790_20260427002223_1.png,2560,1600
Health,681,1261,113,173,1092790_20260427002223_1.png,2560,1600
Sigil,490,1258,176,173,1092790_20260427002223_1.png,2560,1600
Sigil,1454,568,158,143,1092790_20260427002223_1.png,2560,1600
Card,894,811,437,663,1092790_20260427002313_1.png,2560,1600
Card,1848,804,457,678,1092790_20260427002313_1.png,2560,1600
Card,1798,174,429,575,1092790_20260427002313_1.png,2560,1600
Card,1359,174,419,572,1092790_20260427002313_1.png,2560,1600
Card,912,169,414,580,1092790_20260427002313_1.png,2560,1600
Card,397,801,457,665,1092790_20260427002313_1.png,2560,1600
Sigil,488,1263,176,166,1092790_20260427002313_1.png,2560,1600
Sigil,2014,1258,176,181,1092790_20260427002313_1.png,2560,1600
Sigil,1936,565,161,120,1092790_20260427002313_1.png,2560,1600
Sigil,1452,565,166,136,1092790_20260427002313_1.png,2560,1600
Attack,907,1256,105,211,1092790_20260427002313_1.png,2560,1600
Attack,1888,1248,108,218,1092790_20260427002313_1.png,2560,1600
Attack,1830,548,108,186,1092790_20260427002313_1.png,2560,1600
Attack,934,548,95,193,1092790_20260427002313_1.png,2560,1600
Health,1198,553,128,163,1092790_20260427002313_1.png,2560,1600
Health,1201,1251,125,193,1092790_20260427002313_1.png,2560,1600
Health,1625,545,118,166,1092790_20260427002313_1.png,2560,1600
Health,2112,550,105,156,1092790_20260427002313_1.png,2560,1600
Health,678,1253,115,178,1092790_20260427002313_1.png,2560,1600
Health,2192,1253,105,191,1092790_20260427002313_1.png,2560,1600
Card,385,801,477,675,1092790_20260427002358_1.png,2560,1600
Card,894,801,442,683,1092790_20260427002358_1.png,2560,1600
Card,1843,809,477,670,1092790_20260427002358_1.png,2560,1600
Card,1361,166,412,585,1092790_20260427002358_1.png,2560,1600
Health,1615,555,128,163,1092790_20260427002358_1.png,2560,1600
Health,2174,1251,131,193,1092790_20260427002358_1.png,2560,1600
Health,1201,1256,120,178,1092790_20260427002358_1.png,2560,1600
Health,681,1248,123,196,1092790_20260427002358_1.png,2560,1600
Sigil,1446,563,163,141,1092790_20260427002358_1.png,2560,1600
Sigil,2001,1263,178,161,1092790_20260427002358_1.png,2560,1600
Sigil,485,1271,186,158,1092790_20260427002358_1.png,2560,1600
Attack,904,1251,108,218,1092790_20260427002358_1.png,2560,1600
Attack,1888,1248,105,216,1092790_20260427002358_1.png,2560,1600
Health,1206,560,115,153,1092790_20260427002851_1.png,2560,1600
Health,2194,1256,123,193,1092790_20260427002851_1.png,2560,1600
Health,1203,1253,120,191,1092790_20260427002851_1.png,2560,1600
Sigil,2009,1256,183,188,1092790_20260427002851_1.png,2560,1600
Sigil,1040,560,161,148,1092790_20260427002851_1.png,2560,1600
Sigil,1022,1263,173,163,1092790_20260427002851_1.png,2560,1600
Attack,932,543,93,193,1092790_20260427002851_1.png,2560,1600
Attack,1888,1251,115,216,1092790_20260427002851_1.png,2560,1600
Attack,902,1243,105,223,1092790_20260427002851_1.png,2560,1600
Card,892,809,439,668,1092790_20260427002851_1.png,2560,1600
Card,1843,806,487,668,1092790_20260427002851_1.png,2560,1600
Card,924,169,407,585,1092790_20260427002851_1.png,2560,1600
Sigil,1015,1258,186,181,1092790_20260427003133_1.png,2560,1600
Attack,402,1245,118,228,1092790_20260427003133_1.png,2560,1600
Attack,902,1248,105,231,1092790_20260427003133_1.png,2560,1600
Health,2132,1263,151,186,1092790_20260427003133_1.png,2560,1600
Health,709,1261,128,181,1092790_20260427003133_1.png,2560,1600
Health,1203,1243,118,201,1092790_20260427003133_1.png,2560,1600
Card,1823,811,497,668,1092790_20260427003133_1.png,2560,1600
Card,899,806,432,680,1092790_20260427003133_1.png,2560,1600
Card,392,804,452,678,1092790_20260427003133_1.png,2560,1600
label_name,bbox_x,bbox_y,bbox_width,bbox_height,image_name,image_width,image_height
Card,1351,169,437,577,1092790_20260426015346_1.png,2560,1600
Card,1366,806,452,670,1092790_20260426015346_1.png,2560,1600
Attack,1396,1253,103,216,1092790_20260426015346_1.png,2560,1600
Health,1622,555,125,161,1092790_20260426015346_1.png,2560,1600
Health,1682,1253,125,183,1092790_20260426015346_1.png,2560,1600
Sigil,1502,1220,191,241,1092790_20260426015346_1.png,2560,1600
Health,1682,1253,128,191,1092790_20260426015831_1.png,2560,1600
Health,1206,1248,118,191,1092790_20260426015831_1.png,2560,1600
Health,1206,550,113,166,1092790_20260426015831_1.png,2560,1600
Health,1652,550,120,171,1092790_20260426015831_1.png,2560,1600
Health,2104,548,110,173,1092790_20260426015831_1.png,2560,1600
Sigil,1938,550,171,163,1092790_20260426015831_1.png,2560,1600
Sigil,1492,558,166,138,1092790_20260426015831_1.png,2560,1600
Sigil,1514,1266,168,168,1092790_20260426015831_1.png,2560,1600
Sigil,1040,553,161,163,1092790_20260426015831_1.png,2560,1600
Sigil,1017,1263,181,161,1092790_20260426015831_1.png,2560,1600
Attack,1394,1253,108,208,1092790_20260426015831_1.png,2560,1600
Attack,907,1251,103,218,1092790_20260426015831_1.png,2560,1600
Attack,1389,548,88,188,1092790_20260426015831_1.png,2560,1600
Attack,1833,545,108,186,1092790_20260426015831_1.png,2560,1600
Attack,932,548,108,191,1092790_20260426015831_1.png,2560,1600
Card,909,166,422,585,1092790_20260426015831_1.png,2560,1600
Card,1359,169,424,577,1092790_20260426015831_1.png,2560,1600
Card,1795,169,442,580,1092790_20260426015831_1.png,2560,1600
Card,1361,804,464,678,1092790_20260426015831_1.png,2560,1600
Card,884,794,452,688,1092790_20260426015831_1.png,2560,1600
Sigil,1512,1263,173,176,1092790_20260426020315_1.png,2560,1600
Sigil,1938,555,171,153,1092790_20260426020315_1.png,2560,1600
Sigil,997,1223,216,243,1092790_20260426020315_1.png,2560,1600
Sigil,503,1215,231,243,1092790_20260426020315_1.png,2560,1600
Attack,1376,1235,131,228,1092790_20260426020315_1.png,2560,1600
Attack,1838,548,105,188,1092790_20260426020315_1.png,2560,1600
Attack,907,1248,100,221,1092790_20260426020315_1.png,2560,1600
Attack,412,1248,90,216,1092790_20260426020315_1.png,2560,1600
Health,1657,1243,141,191,1092790_20260426020315_1.png,2560,1600
Health,2102,550,118,163,1092790_20260426020315_1.png,2560,1600
Health,1203,1243,120,191,1092790_20260426020315_1.png,2560,1600
Health,721,1238,113,196,1092790_20260426020315_1.png,2560,1600
Card,1803,169,437,585,1092790_20260426020315_1.png,2560,1600
Card,1356,791,472,690,1092790_20260426020315_1.png,2560,1600
Card,897,799,442,670,1092790_20260426020315_1.png,2560,1600
Card,387,786,464,698,1092790_20260426020315_1.png,2560,1600
Card,879,799,457,683,1092790_20260426020547_1.png,2560,1600
Card,1783,164,442,585,1092790_20260426020547_1.png,2560,1600
Health,2069,553,125,163,1092790_20260426020547_1.png,2560,1600
Health,1165,1253,131,183,1092790_20260426020547_1.png,2560,1600
Sigil,975,1263,178,166,1092790_20260426020547_1.png,2560,1600
Card,448,161,452,590,1092790_20260426020630_1.png,2560,1600
Card,914,161,429,597,1092790_20260426020630_1.png,2560,1600
Card,1793,164,452,592,1092790_20260426020630_1.png,2560,1600
Card,1366,804,452,675,1092790_20260426020630_1.png,2560,1600
Card,894,804,437,675,1092790_20260426020630_1.png,2560,1600
Card,382,801,462,678,1092790_20260426020630_1.png,2560,1600
Health,2069,553,125,168,1092790_20260426020630_1.png,2560,1600
Health,1682,1251,133,188,1092790_20260426020630_1.png,2560,1600
Health,1163,1253,133,181,1092790_20260426020630_1.png,2560,1600
Health,1216,553,100,166,1092790_20260426020630_1.png,2560,1600
Health,766,550,103,171,1092790_20260426020630_1.png,2560,1600
Health,714,1253,120,193,1092790_20260426020630_1.png,2560,1600
Sigil,980,1258,181,171,1092790_20260426020630_1.png,2560,1600
Sigil,1110,545,115,115,1092790_20260426020630_1.png,2560,1600
Sigil,1012,616,128,100,1092790_20260426020630_1.png,2560,1600
Attack,1386,1243,125,221,1092790_20260426020630_1.png,2560,1600
Attack,934,550,90,193,1092790_20260426020630_1.png,2560,1600
Attack,475,550,105,193,1092790_20260426020630_1.png,2560,1600
Attack,407,1248,120,226,1092790_20260426020630_1.png,2560,1600
Sigil,653,550,118,115,1092790_20260426020630_1.png,2560,1600
Sigil,566,600,118,131,1092790_20260426020630_1.png,2560,1600
Sigil,530,1253,173,193,1092790_20260426020701_1.png,2560,1600
Sigil,975,1258,191,161,1092790_20260426020701_1.png,2560,1600
Sigil,1502,1220,196,236,1092790_20260426020701_1.png,2560,1600
Sigil,1557,548,118,115,1092790_20260426020701_1.png,2560,1600
Sigil,1467,618,143,103,1092790_20260426020701_1.png,2560,1600
Sigil,1042,553,163,158,1092790_20260426020701_1.png,2560,1600
Sigil,591,555,166,151,1092790_20260426020701_1.png,2560,1600
Attack,478,543,105,193,1092790_20260426020701_1.png,2560,1600
Attack,1389,545,88,196,1092790_20260426020701_1.png,2560,1600
Attack,1389,1248,120,208,1092790_20260426020701_1.png,2560,1600
Attack,934,550,95,193,1092790_20260426020701_1.png,2560,1600
Attack,417,1243,105,218,1092790_20260426020701_1.png,2560,1600
Health,2064,548,136,166,1092790_20260426020701_1.png,2560,1600
Health,1198,535,123,178,1092790_20260426020701_1.png,2560,1600
Health,1155,1248,141,188,1092790_20260426020701_1.png,2560,1600
Health,714,1243,120,198,1092790_20260426020701_1.png,2560,1600
Health,1687,1243,120,188,1092790_20260426020701_1.png,2560,1600
Health,749,535,120,181,1092790_20260426020701_1.png,2560,1600
Health,1662,538,105,176,1092790_20260426020701_1.png,2560,1600
Card,1359,786,467,693,1092790_20260426020701_1.png,2560,1600
Card,884,791,449,683,1092790_20260426020701_1.png,2560,1600
Card,397,786,457,693,1092790_20260426020701_1.png,2560,1600
Card,458,159,432,592,1092790_20260426020701_1.png,2560,1600
Card,929,169,402,587,1092790_20260426020701_1.png,2560,1600
Card,1359,171,419,580,1092790_20260426020701_1.png,2560,1600
Card,1788,169,449,582,1092790_20260426020701_1.png,2560,1600
Attack,899,1243,120,231,1092790_20260426020805_1.png,2560,1600
Health,1198,1248,125,196,1092790_20260426020805_1.png,2560,1600
Health,2069,555,136,161,1092790_20260426020805_1.png,2560,1600
Health,1652,550,113,158,1092790_20260426020805_1.png,2560,1600
Health,1211,553,105,168,1092790_20260426020805_1.png,2560,1600
Health,764,548,105,173,1092790_20260426020805_1.png,2560,1600
Sigil,1502,555,156,161,1092790_20260426020805_1.png,2560,1600
Sigil,1037,555,178,156,1092790_20260426020805_1.png,2560,1600
Sigil,648,545,128,125,1092790_20260426020805_1.png,2560,1600
Sigil,556,605,141,120,1092790_20260426020805_1.png,2560,1600
Attack,478,550,100,196,1092790_20260426020805_1.png,2560,1600
Attack,1384,550,103,183,1092790_20260426020805_1.png,2560,1600
Attack,934,555,93,181,1092790_20260426020805_1.png,2560,1600
Card,889,799,437,680,1092790_20260426020805_1.png,2560,1600
Card,470,159,407,592,1092790_20260426020805_1.png,2560,1600
Card,917,161,419,585,1092790_20260426020805_1.png,2560,1600
Card,1361,169,417,582,1092790_20260426020805_1.png,2560,1600
Card,1793,159,432,597,1092790_20260426020805_1.png,2560,1600
Card,443,159,449,590,1092790_20260426020950_1.png,2560,1600
Card,1349,154,417,600,1092790_20260426020950_1.png,2560,1600
Card,1788,156,447,602,1092790_20260426020950_1.png,2560,1600
Health,2071,553,120,166,1092790_20260426020950_1.png,2560,1600
Health,1627,555,125,158,1092790_20260426020950_1.png,2560,1600
Health,726,555,125,158,1092790_20260426020950_1.png,2560,1600
Sigil,1494,560,163,143,1092790_20260426020950_1.png,2560,1600
Sigil,593,565,156,141,1092790_20260426020950_1.png,2560,1600
Sigil,1964,545,120,110,1092790_20260426020950_1.png,2560,1600
Sigil,1878,618,133,103,1092790_20260426020950_1.png,2560,1600
Attack,1371,545,110,186,1092790_20260426020950_1.png,2560,1600
Attack,475,538,103,198,1092790_20260426020950_1.png,2560,1600
Card,458,171,434,582,1092790_20260426021103_1.png,2560,1600
Card,914,169,422,585,1092790_20260426021103_1.png,2560,1600
Card,1364,171,419,585,1092790_20260426021103_1.png,2560,1600
Card,1810,159,439,597,1092790_20260426021103_1.png,2560,1600
Card,889,801,447,683,1092790_20260426021103_1.png,2560,1600
Health,2069,555,131,163,1092790_20260426021103_1.png,2560,1600
Health,1620,560,128,146,1092790_20260426021103_1.png,2560,1600
Health,1173,558,131,163,1092790_20260426021103_1.png,2560,1600
Health,1196,1248,125,183,1092790_20260426021103_1.png,2560,1600
Health,726,553,118,171,1092790_20260426021103_1.png,2560,1600
Sigil,618,548,123,105,1092790_20260426021103_1.png,2560,1600
Sigil,513,605,136,115,1092790_20260426021103_1.png,2560,1600
Sigil,1040,565,158,136,1092790_20260426021103_1.png,2560,1600
Sigil,1514,553,108,100,1092790_20260426021103_1.png,2560,1600
Sigil,1426,618,123,103,1092790_20260426021103_1.png,2560,1600
Sigil,1966,555,115,103,1092790_20260426021103_1.png,2560,1600
Sigil,1883,613,123,110,1092790_20260426021103_1.png,2560,1600
Sigil,1012,1228,193,238,1092790_20260426021103_1.png,2560,1600
Attack,904,1248,100,223,1092790_20260426021103_1.png,2560,1600
Attack,919,553,95,181,1092790_20260426021103_1.png,2560,1600
Attack,904,1245,103,221,1092790_20260426021207_1.png,2560,1600
Attack,1389,1245,115,218,1092790_20260426021207_1.png,2560,1600
Health,1677,1251,128,188,1092790_20260426021207_1.png,2560,1600
Health,1196,1256,123,183,1092790_20260426021207_1.png,2560,1600
Health,1178,553,113,168,1092790_20260426021207_1.png,2560,1600
Sigil,1070,550,105,105,1092790_20260426021207_1.png,2560,1600
Sigil,980,616,120,110,1092790_20260426021207_1.png,2560,1600
Sigil,1502,1220,191,231,1092790_20260426021207_1.png,2560,1600
Sigil,1007,1215,201,241,1092790_20260426021207_1.png,2560,1600
Card,894,801,442,675,1092790_20260426021207_1.png,2560,1600
Card,1359,799,459,680,1092790_20260426021207_1.png,2560,1600
Card,924,166,414,585,1092790_20260426021207_1.png,2560,1600
